UID,NAME,NETWID,H,Pnom,Qdemand,gix_x,gix_y
m5180,210,2,416.400,0,148,679982.400,225887.200
m4901,1704,1,440.000,0,0,682211.100,227440.400
m4636,483,2,449.400,0,160,681976.100,224822.400
m4628,1046,13,487.500,0,0,664277.400,225018.700
m4358,1330,4,416.200,0,0,678536.900,227103.400
m4354,467,2,435.300,0,1034,681939.400,227192.400
m4085,1068,13,494.500,0,0,664945.900,224690.700
m4082,144,7,417.600,0,348,677390.900,226305.400
m3821,361,2,428.500,0,27,681738.100,224620.700
m3819,360,2,426.700,0,168,681717.900,224634.200
m3813,713,2,457.600,0,77,683207.600,226280.900
m3809,495,2,426.700,0,49,682101.100,225444.700
m3543,1237,3,429.800,0,1319,675427.600,221570.700
m3279,1684,1,417.700,0,0,679334.600,226372.200
m3275,1106,8,441.700,0,162,671989.100,227802.400
m3269,1304,10,460.400,0,0,677203.600,232918.700
m3265,163,7,413.600,0,0,677546.900,225949.700
m3007,709,2,451.200,0,0,683143.900,228108.400
m3000,51,7,444.100,0,165,676115.100,226006.700
m2998,50,7,445.000,0,79,676092.900,226007.400
m2995,1249,3,438.200,0,0,675834.600,222253.200
m2734,481,2,449.500,0,55,682046.100,224868.900
m2730,552,2,439.600,0,180,682159.600,228483.700
m2460,176,7,440.500,0,48,677703.900,226590.400
m2457,670,2,445.200,0,309,682714.100,227405.700
m2188,1110,8,430.600,0,0,672146.100,227371.700
m2186,1109,8,429.100,0,350,672131.900,227312.900
m2182,424,2,436.800,0,0,681837.600,228282.200
m2178,229,2,415.700,0,0,680828.900,225348.900
m1917,427,2,427.800,0,803,681849.400,226516.200
m1914,1706,1,442.200,0,0,682319.400,227784.700
m1912,1705,1,442.300,0,0,682332.900,227808.200
m1908,273,2,416.800,0,1056,681464.600,225087.700
m1905,1418,6,416.800,0,90,680967.900,222339.400
m1645,617,2,442.000,0,51,682357.400,228181.700
m1643,607,2,441.300,0,72,682325.400,228075.400
m1639,497,2,447.800,0,122,682026.600,224582.700
m1636,1385,4,421.500,0,0,679598.400,227418.200
m1634,1375,4,422.900,0,616,679558.900,227464.400
m1373,421,2,427.100,0,256,681944.100,226317.400
m1371,380,2,427.100,0,701,681832.600,226335.700
m1367,1397,4,418.700,0,97,679705.400,226147.900
m1364,1285,3,444.600,0,0,676247.600,221555.700
m1362,1250,3,432.200,0,0,675797.900,221555.900
m1100,437,2,504.200,0,71,681866.900,223372.400
m1097,1101,8,448.300,0,55,671879.600,227636.700
m1095,1100,8,451.800,0,527,671876.100,227709.700
m1092,341,2,421.800,0,158,681645.100,224501.900
m1090,336,2,420.900,0,0,681630.400,224501.200
m830,679,2,434.600,0,479,682726.100,226474.400
m828,671,2,434.000,0,0,682662.100,226405.900
m825,63,7,432.500,0,0,676352.400,225833.900
m818,1086,8,477.700,0,45,671737.900,227797.700
m559,1638,1,449.900,0,0,675412.100,224044.200
m556,1128,8,412.400,0,0,672664.100,227984.900
m554,1127,8,411.500,0,0,672639.400,227771.200
m551,62,7,432.800,0,110,676359.900,225860.700
m549,52,7,433.100,0,159,676371.400,225901.900
m546,451,2,436.300,0,25,681740.600,227426.900
m544,450,2,440.000,0,678,681907.600,227585.400
m287,1444,6,423.200,0,331,681532.100,224151.200
m282,1451,6,430.600,0,9562,681631.100,224103.700
m279,350,2,434.300,0,0,681663.900,224091.200
m277,346,2,437.200,0,84,681682.900,224066.200
m274,1155,9,413.200,0,0,673701.400,235040.400
m272,1154,9,412.600,0,75,673710.100,235003.900
m5198,504,2,483.500,0,89,682020.400,223900.700
m5190,110,7,428.100,0,0,677049.400,227260.400
m5187,507,2,425.800,0,175,682075.900,225509.700
m4914,534,2,440.000,0,344,682035.900,227680.700
m4655,30,5,464.300,0,0,674860.400,225815.900
m4652,1373,4,434.600,0,44,679362.900,227978.700
m4647,225,2,415.600,0,209,680821.600,225339.200
m4644,1263,3,433.600,0,0,675915.900,222080.200
m4110,1269,3,440.600,0,0,675956.600,222275.200
m4103,1271,3,447.600,0,231,675976.900,223705.200
m4096,648,2,441.100,0,82,682396.400,227350.900
m3828,1339,4,431.700,0,166,678796.400,228151.200
m3825,1023,13,477.500,0,56,663650.100,223662.700
m3565,556,2,427.400,0,46,682215.100,225910.700
m3555,550,2,440.100,0,927,682222.400,228064.700
m3553,549,2,439.000,0,0,682145.400,228139.400
m3295,363,2,425.500,0,96,681735.400,224974.200
m3291,684,2,439.400,0,52,682809.100,226319.700
m3285,622,2,442.700,0,14,682363.600,227926.200
m3281,1687,1,415.600,0,0,680533.600,225951.900
m3014,723,2,452.900,0,309,683300.600,228338.200
m2747,1369,4,417.900,0,136,679260.600,226170.400
m2745,1368,4,418.000,0,0,679295.900,226146.400
m2739,539,2,426.200,0,46,682109.600,225941.900
m2478,264,2,420.000,0,0,681322.100,225683.900
m2474,591,2,427.600,0,0,682310.400,226071.400
m2472,573,2,426.900,0,18,682241.100,226069.200
m2465,281,2,423.200,0,304,681496.600,226011.400
m2207,711,2,472.100,0,129,683159.100,227591.900
m2205,700,2,454.600,0,250,683125.100,227681.400
m2202,1327,4,416.800,0,655,678440.100,226752.900
m2200,1326,4,415.800,0,996,678487.400,226771.900
m2197,170,7,423.100,0,118,677640.900,226237.900
m2195,169,7,421.700,0,132,677599.400,226137.400
m2192,624,2,464.900,0,134,682396.600,225106.700
m1935,239,2,417.900,0,0,680963.900,225554.900
m1931,523,2,425.200,0,169,682075.100,225636.900
m1929,512,2,425.200,0,59,682064.400,225591.900
m1926,335,2,423.700,0,605,681623.400,225258.400
m1924,280,2,420.800,0,318,681573.600,225167.200
m1662,1174,3,429.200,0,26,674934.100,221451.200
m1659,266,2,422.200,0,0,681402.900,225903.200
m1657,265,2,421.900,0,22,681344.600,225902.200
m1654,48,5,462.300,0,0,675244.900,225229.200
m1652,37,5,459.900,0,0,675206.400,225240.900
m1649,434,2,424.700,0,0,681864.900,225190.700
m1391,101,7,420.100,0,572,677000.100,225683.700
m1387,320,2,430.800,0,0,681694.600,226957.400
m1385,292,2,429.700,0,160,681590.600,226969.900
m1381,16,5,447.800,0,0,674765.400,225407.200
m1378,216,2,415.900,0,0,680586.900,225626.900
m1376,215,2,414.900,0,0,680559.100,225561.400
m1119,1371,4,427.000,0,479,679319.100,227755.900
m1117,1360,4,428.400,0,419,679283.600,227862.200
m1114,1399,4,419.400,0,338,679723.900,226258.200
m1112,1379,4,418.500,0,255,679642.400,226181.400
m1108,151,7,414.300,0,139,677431.600,226116.900
m847,1214,3,429.800,0,1227,675189.900,221590.900
m845,1182,3,429.100,0,212,675058.100,221598.400
m839,161,7,425.900,0,0,677653.900,226474.700
m837,159,7,427.900,0,354,677473.600,226609.200
m834,211,2,415.400,0,262,680371.600,225666.900
m575,595,2,461.200,0,27,682261.600,225189.900
m573,564,2,459.100,0,122,682191.600,225197.900
m570,1663,1,424.300,0,0,677126.600,226473.200
m566,601,2,441.700,0,76,682299.900,227858.900
m564,599,2,441.500,0,93,682294.900,227952.400
m561,1639,1,448.500,0,0,676006.100,223056.900
m303,726,2,483.000,0,158,683306.400,227311.200
m301,724,2,483.600,0,0,683301.100,227361.400
m298,1165,9,434.500,0,335,674580.600,235405.200
m296,1164,9,436.100,0,42,674717.100,235180.900
m293,453,2,426.000,0,0,681911.900,226170.900
m291,412,2,426.400,0,985,681921.400,226215.400
m5205,314,2,429.200,0,476,681584.900,226910.200
m4933,531,2,503.800,0,328,682103.400,223785.900
m4659,90,7,429.800,0,1487,676811.900,226545.900
m4396,1229,3,429.200,0,519,675356.400,221844.900
m4384,1063,13,493.300,0,24,664662.100,224405.400
m4125,326,2,424.700,0,158,681629.900,226207.200
m4123,297,2,424.400,0,1367,681603.400,226173.900
m4113,1383,4,417.700,0,0,679481.600,226121.400
m3852,604,2,515.700,0,113,682301.900,224351.200
m3846,1194,3,430.000,0,0,675133.100,222438.900
m3841,362,2,424.600,0,107,681721.900,224907.200
m3583,1314,17,437.800,0,0,677830.100,230398.400
m3578,546,2,439.700,0,294,682136.400,228395.700
m3569,1431,6,425.800,0,325,681241.100,222912.700
m3307,1311,17,449.200,0,0,677790.600,229565.900
m3303,370,2,425.200,0,631,681747.100,226197.900
m3299,605,2,529.000,0,351,682405.100,224205.700
m3037,626,2,502.300,0,56,682592.100,224916.200
m3035,625,2,487.400,0,669,682398.400,224812.200
m2765,165,7,428.300,0,135,677649.900,226516.400
m2763,164,7,432.800,0,16,677558.400,226697.900
m2760,1253,3,440.200,0,0,675798.900,222950.700
m2758,1236,3,434.500,0,0,675679.900,222806.200
m2755,1340,4,426.900,0,0,678930.400,227827.400
m2753,1337,4,426.700,0,358,678864.100,227760.900
m2492,488,2,432.100,0,519,682034.600,226747.900
m2490,410,2,431.100,0,216,681985.400,226747.900
m2487,1646,1,484.600,0,0,675855.600,235867.400
m2483,1318,17,444.000,0,0,677991.100,229785.400
m2481,1317,17,441.100,0,158,678040.600,229785.700
m2223,462,2,429.300,0,495,681985.900,226516.900
m2219,1057,13,490.800,0,47,664475.900,224889.200
m2217,1055,13,482.800,0,52,664559.900,224686.900
m2211,272,2,419.400,0,0,681457.400,225423.700
m1950,233,2,417.300,0,0,680944.400,225487.400
m1947,226,2,415.400,0,241,680793.900,225381.200
m1943,158,7,416.400,0,274,677489.100,226063.900
m1938,637,2,428.800,0,0,682427.100,226110.400
m1679,1287,9,495.700,0,1750,676304.600,236344.400
m1675,1042,13,469.600,0,1143,664153.600,224582.700
m1673,1037,13,469.600,0,0,664127.400,224575.400
m1667,184,7,425.700,0,121,677871.100,225965.400
m1407,369,2,464.100,0,0,681869.900,223857.200
m1404,193,7,424.900,0,0,678200.100,226433.900
m1402,191,7,422.200,0,544,678003.100,226242.700
m1399,65,7,442.300,0,106,676376.400,225113.400
m1397,64,7,441.400,0,88,676370.900,225144.700
m1133,107,7,436.200,0,44,677050.100,227491.400
m1131,105,7,437.400,0,16,677021.400,227544.900
m1128,732,2,459.000,0,0,683399.600,227814.400
m1126,729,2,456.800,0,500,683315.100,227913.400
m1123,692,2,450.300,0,183,682900.600,227719.400
m861,1138,8,405.500,0,0,672762.600,226522.700
m859,1134,8,406.600,0,0,672719.400,226522.200
m856,1185,3,454.800,0,105,675031.400,220931.200
m852,667,2,445.800,0,533,682655.600,227519.900
m850,665,2,447.600,0,667,682722.900,227624.700
m590,1694,1,422.000,0,0,681759.600,225403.200
m588,1691,1,420.400,0,0,681607.900,225425.900
m585,1114,8,414.700,0,37,672509.100,227200.900
m583,1113,8,417.600,0,56,672257.400,227228.900
m580,553,2,440.000,0,0,682200.900,228398.900
m578,547,2,440.400,0,148,682209.400,228356.200
m316,33,5,448.700,0,90,674896.400,225034.200
m313,1612,12,468.000,0,0,661732.900,230350.200
m308,36,5,456.800,0,382,674932.100,225511.700
m306,34,5,447.700,0,0,674921.100,225263.400
m311,1611,12,467.500,0,0,661719.900,230375.700
m5218,404,2,457.300,0,110,681811.100,223828.400
m4956,618,2,442.100,0,503,682354.400,228226.400
m4948,716,2,451.000,0,73,683255.600,228451.400
m4684,1334,4,417.700,0,2412,678752.600,227176.900
m4677,503,2,424.400,0,232,682019.400,225258.200
m4673,668,2,432.700,0,531,682526.400,226364.200
m4407,1406,4,419.900,0,309,679811.600,226401.400
m4138,639,2,444.100,0,86,682447.600,227607.200
m3865,585,2,441.000,0,156,682253.600,227486.400
m3860,1170,9,483.100,0,0,675104.400,235997.900
m3857,75,7,427.100,0,117,676483.400,225825.900
m3594,1143,9,411.700,0,0,673052.900,237105.700
m3590,1640,1,448.700,0,0,675454.600,224056.200
m3323,433,2,424.600,0,3100,681853.600,225193.700
m3320,269,2,421.300,0,152,681406.900,225811.900
m3316,1065,13,496.100,0,52,664759.900,224932.400
m3314,1064,13,488.600,0,0,664631.400,224738.700
m3051,663,2,445.400,0,386,682623.100,228074.900
m3047,540,2,426.200,0,65,682125.900,225925.400
m3041,282,2,417.800,0,0,681528.400,225040.400
m2781,376,2,447.900,0,88,681753.100,228559.400
m2777,1325,4,414.600,0,1106,678766.100,226690.400
m2775,1324,4,415.900,0,0,678486.400,226760.200
m2771,285,2,419.000,0,0,681537.600,224349.700
m2510,179,7,438.900,0,32,677718.900,226536.700
m2508,178,7,439.800,0,0,677716.900,226550.700
m2505,217,2,416.600,0,0,680611.600,225880.400
m2503,214,2,416.100,0,399,680586.600,225857.400
m2500,1699,1,436.900,0,0,682115.600,227215.900
m2496,44,5,466.000,0,0,675138.100,225843.400
m2237,322,2,426.100,0,0,681598.100,224312.400
m2235,308,2,424.800,0,0,681579.600,224320.700
m2232,493,2,424.300,0,57,682006.900,225646.700
m2228,730,2,455.800,0,0,683353.400,228027.200
m2226,721,2,454.300,0,1265,683315.400,228184.900
m1965,1460,19,426.800,0,7685,682216.100,226091.900
m1963,1459,19,426.200,0,0,682116.600,225941.200
m1960,1067,13,483.800,0,46,664805.900,223971.200
m1958,1066,13,478.400,0,58,664767.400,224094.700
m1954,1234,3,449.200,0,584,675419.600,224007.400
m1694,1276,3,442.400,0,343,676078.600,223794.400
m1692,1275,3,442.900,0,0,676074.900,223781.200
m1689,1685,1,418.000,0,0,679481.900,226707.700
m1687,1676,1,417.400,0,0,679356.600,226716.900
m1684,338,2,440.100,0,240,681669.900,228455.700
m1682,289,2,439.000,0,196,681639.100,228415.900
m1422,1072,13,491.400,0,0,665190.900,224408.400
m1419,718,2,468.100,0,129,683256.600,226583.400
m1417,689,2,451.200,0,640,683161.600,226534.200
m1414,236,2,416.400,0,430,680929.400,225382.200
m1412,235,2,416.800,0,125,680936.900,225420.900
m1409,441,2,468.800,0,457,681939.100,224024.900
m1150,227,2,420.700,0,581,680812.900,226241.700
m1147,328,2,430.100,0,67,681609.900,224233.200
m1145,309,2,425.500,0,0,681575.100,224292.400
m1142,146,7,426.900,0,0,677398.900,226680.200
m1138,1033,13,470.200,0,0,663871.100,223977.400
m1136,1024,13,470.000,0,0,663853.100,224021.200
m878,1655,1,450.600,0,0,676892.400,219740.400
m875,657,2,445.500,0,29,682608.600,227938.900
m873,656,2,445.000,0,145,682554.600,227963.900
m870,306,2,418.400,0,983,681590.100,224989.200
m866,544,2,425.100,0,15,682135.100,225748.700
m864,526,2,424.600,0,97,682089.900,225757.900
m607,1619,12,505.000,0,0,665571.900,222613.900
m604,203,7,413.800,0,906,678629.400,226513.900
m602,200,7,417.700,0,268,678382.900,226366.200
m598,712,2,489.500,0,0,683385.600,227422.200
m595,1388,4,419.300,0,532,679779.400,226645.700
m593,1387,4,418.000,0,490,679558.400,226536.700
m334,304,2,418.600,0,72,681589.400,224472.400
m331,1412,4,419.900,0,0,679880.600,227267.400
m327,460,2,510.500,0,0,681918.600,223369.200
m325,438,2,511.800,0,25,681930.600,223402.900
m322,489,2,445.800,0,92,681991.600,224691.400
m320,486,2,445.600,0,48,681984.400,224666.200
m62,472,2,423.800,0,114,681981.600,225779.400
m60,464,2,423.700,0,249,681950.400,225624.900
m57,1693,1,435.700,0,0,681839.100,227796.200
m55,1686,1,432.800,0,0,681609.600,227656.900
m52,1673,1,417.500,0,0,677466.100,226113.200
m50,1668,1,426.000,0,0,677396.900,226613.200
m5245,96,7,419.700,0,111,676909.100,225590.900
m5241,1291,14,429.900,0,98,676396.400,227410.200
m5233,245,2,420.700,0,113,681223.400,225796.900
m4974,1251,9,483.400,0,0,675677.600,236591.200
m4699,118,7,424.800,0,147,677136.600,226262.400
m4691,579,2,495.600,0,56,682221.600,224215.900
m4688,349,2,421.800,0,144,681670.600,224989.700
m4431,334,2,420.800,0,0,681636.900,225025.200
m4426,1420,6,413.700,0,184,680984.900,222394.400
m4420,1129,8,406.800,0,0,672726.900,227742.700
m4158,1145,9,415.700,0,0,673086.600,237224.700
m4155,1221,3,454.800,0,0,675038.600,220935.400
m4145,706,2,451.900,0,127,683007.900,227843.400
m3886,1309,10,468.300,0,90,677654.900,232832.900
m3883,693,2,450.300,0,51,682913.900,227645.200
m3876,1206,3,431.800,0,516,674828.400,222079.400
m3872,551,2,425.400,0,181,682150.900,225825.400
m3615,1038,13,474.800,0,37,664093.400,225176.200
m3611,202,7,417.900,0,130,678435.400,226472.700
m3601,1654,1,445.400,0,0,676254.900,221562.700
m3341,1697,1,424.600,0,0,681872.600,225987.400
m3334,126,7,419.500,0,237,677213.900,225797.700
m3071,633,2,475.000,0,0,682439.100,225017.200
m3067,510,2,424.500,0,19,682075.400,225760.400
m3065,509,2,424.200,0,31,682030.600,225769.700
m3058,194,7,424.400,0,51,678216.400,226450.200
m2796,1405,4,419.200,0,569,679783.900,226249.400
m2786,402,2,437.500,0,0,681799.100,228327.200
m2784,387,2,437.700,0,0,681777.400,228342.200
m2524,1210,3,429.400,0,271,675162.400,221813.400
m2522,1208,3,429.800,0,163,675137.900,221896.400
m2519,1216,3,429.600,0,290,675210.600,222129.900
m2517,1207,3,429.600,0,267,675216.900,222158.900
m2514,357,2,438.100,0,68,681742.400,228361.400
m2254,471,2,428.800,0,218,682094.400,226345.400
m2252,470,2,427.300,0,0,681946.900,226333.400
m2248,1245,3,429.900,0,1350,675659.600,221563.200
m2242,1044,13,472.400,0,0,664235.100,224166.400
m2240,1043,13,470.300,0,44,664229.100,224179.900
m1983,358,2,426.200,0,27,681715.900,224485.700
m1981,353,2,427.100,0,458,681714.900,224468.700
m1978,1362,4,418.000,0,508,679471.100,226715.200
m1974,1139,8,400.500,0,0,672836.600,226625.400
m1972,1136,8,403.000,0,171,672765.100,226645.900
m1968,515,2,433.600,0,22,682067.400,226882.700
m1710,1361,4,417.000,0,68,679282.400,226743.400
m1706,255,2,421.300,0,65,681287.600,225917.200
m1702,149,7,425.600,0,0,677415.100,226525.900
m1697,20,5,449.900,0,0,674768.900,225550.700
m1437,1157,9,439.600,0,43,674473.400,235122.400
m1433,301,2,416.900,0,106,681588.600,224740.400
m1431,299,2,415.000,0,398,681570.900,224792.700
m1427,385,2,427.900,0,24,681776.900,224905.400
m1424,1073,13,493.000,0,0,665334.600,224451.700
m1165,1322,4,416.300,0,0,678479.400,227114.700
m1163,1321,4,416.400,0,136,678463.600,227130.900
m1160,93,7,424.600,0,154,676980.900,225774.700
m1156,1618,12,471.900,0,0,664197.600,224158.900
m1152,228,2,421.000,0,429,681059.600,226109.200
m895,1344,4,427.800,0,27,679066.600,227817.400
m893,1343,4,429.100,0,473,678982.400,227886.700
m890,1410,4,418.300,0,0,679862.900,226107.700
m888,1398,4,418.400,0,123,679803.600,226118.700
m885,662,2,445.700,0,224,682614.100,227952.700
m883,661,2,446.900,0,725,682701.600,227892.200
m880,1662,1,424.600,0,0,677159.600,218625.400
m622,373,2,422.000,0,1614,681751.900,225395.200
m620,367,2,423.100,0,127,681727.100,225274.200
m614,468,2,437.500,0,162,682074.100,227276.200
m612,452,2,437.700,0,50,682024.100,227377.700
m609,1623,12,495.000,0,0,666803.100,221342.400
m351,702,2,524.600,0,356,682895.400,224991.400
m349,701,2,516.900,0,362,682952.100,225084.400
m346,313,2,434.800,0,0,681554.900,228244.700
m344,311,2,435.000,0,0,681581.100,228264.700
m341,116,7,428.700,0,0,677132.100,226126.200
m339,115,7,429.900,0,741,677101.600,226135.400
m336,316,2,421.000,0,82,681612.600,224462.400
m77,660,2,446.100,0,64,682599.400,227828.200
m75,658,2,445.900,0,22,682586.400,227830.700
m72,1191,3,429.100,0,0,675053.100,221616.400
m70,1190,3,428.900,0,11,675050.100,221607.400
m67,1660,1,424.700,0,0,677202.900,226946.400
m65,1659,1,422.700,0,0,676832.900,226777.400
m5259,58,7,444.700,0,28,676129.900,225869.400
m5252,378,2,437.400,0,157,681724.100,227323.400
m4991,409,2,429.400,0,476,681821.600,226674.700
m4984,224,2,415.100,0,150,680771.100,225321.200
m4716,77,7,435.200,0,811,676542.400,224685.900
m4706,327,2,435.000,0,0,681605.100,228192.400
m4439,1315,17,441.300,0,25,677789.400,230347.200
m4435,715,2,455.400,0,0,683240.100,227879.200
m4165,1679,1,417.800,0,0,679271.400,226236.400
m3894,1247,9,481.400,0,0,675638.100,236329.900
m3625,1667,1,422.200,0,0,677302.600,226570.700
m3622,212,2,415.100,0,248,680401.100,225712.400
m3352,1076,11,510.400,0,56,666205.900,222812.200
m3085,683,2,447.400,0,315,682814.600,228177.400
m3083,682,2,447.000,0,70,682780.400,228113.900
m2814,1453,16,421.100,0,0,681664.600,224783.400
m2808,719,2,477.600,0,96,683282.100,226455.900
m2803,130,7,422.700,0,25,677228.100,226304.400
m2800,1653,1,448.000,0,0,676443.100,221600.900
m2539,1267,3,439.000,0,0,675940.600,222195.900
m2531,323,2,424.100,0,582,681723.100,225252.200
m2528,1427,6,415.900,0,0,681247.100,223031.200
m2268,478,2,433.500,0,46,682051.900,226886.400
m2266,477,2,432.000,0,77,681965.100,226819.400
m2263,548,2,465.400,0,258,682138.900,224585.700
m2259,677,2,510.700,0,205,682745.600,224961.700
m2257,655,2,499.500,0,810,682696.100,225011.200
m1999,429,2,429.300,0,95,681934.100,226526.400
m1996,168,7,417.500,0,110,677647.400,225983.200
m1994,167,7,417.500,0,68,677595.100,226013.700
m1990,1370,4,419.900,0,219,679405.100,227277.400
m1987,1372,4,417.800,0,0,679334.100,226893.900
m1724,1378,4,418.800,0,0,679458.900,226310.400
m1722,1377,4,418.800,0,0,679442.900,226296.400
m1718,1051,13,481.400,0,0,664379.100,224581.200
m1715,1274,18,444.600,0,64,675964.600,223028.400
m1713,1273,18,448.000,0,78,676001.900,223018.200
m1451,1645,1,484.300,0,0,675766.600,236422.900
m1449,1644,1,481.400,0,0,675629.600,236335.900
m1446,1062,13,486.000,0,0,664618.900,224626.400
m1444,1056,13,485.700,0,28,664631.600,224659.700
m1441,98,7,426.300,0,47,676957.900,225828.200
m1179,491,2,440.200,0,682,681955.100,227614.200
m1177,490,2,440.300,0,89,681994.400,227602.400
m1173,554,2,440.000,0,45,682176.600,227447.400
m1170,1428,6,424.400,0,188,681150.400,222294.700
m1168,1422,6,427.000,0,190,681204.100,222392.700
m909,1118,8,417.500,0,74,672496.400,227244.400
m905,596,2,462.100,0,79,682273.900,224850.700
m903,576,2,493.700,0,25,682221.400,224428.200
m900,405,2,444.700,0,66,681806.900,228537.700
m898,384,2,439.200,0,1121,681790.100,228440.700
m639,103,7,424.200,0,15,677081.900,226408.200
m636,432,2,437.000,0,0,681946.600,228202.200
m634,431,2,436.600,0,0,681855.100,228265.200
m630,1666,1,442.800,0,0,678234.600,229552.200
m627,1675,1,444.000,0,0,677983.900,229783.700
m365,446,2,463.000,0,292,681960.600,224331.400
m363,445,2,452.200,0,297,681887.100,224279.400
m360,1366,4,426.000,0,846,679350.600,227610.900
m358,1365,4,422.700,0,2123,679282.900,227580.900
m355,1669,1,426.900,0,0,677319.100,226902.700
m95,252,2,421.200,0,81,681291.100,225808.700
m92,21,5,449.300,0,123,674775.600,225509.700
m90,17,5,448.600,0,155,674788.600,225429.700
m87,41,5,465.400,0,225,675167.400,225781.400
m85,40,5,465.300,0,19,675084.400,225746.200
m82,1401,4,425.800,0,84,679788.900,227384.700
m80,1400,4,425.700,0,672,679736.600,227351.200
m5272,1441,20,419.600,0,0,681467.600,225444.400
m5269,1692,1,419.500,0,0,681448.600,225444.700
m4995,45,5,466.600,0,27,675180.100,224796.700
m4735,454,2,426.700,0,0,682043.100,226143.700
m4461,372,2,422.900,0,1118,681750.600,225050.200
m4187,123,7,428.000,0,88,677167.400,225942.400
m4184,187,7,425.800,0,393,677851.400,226324.200
m4180,678,2,436.500,0,47,682698.900,226259.700
m3919,147,7,425.800,0,46,677423.600,226531.900
m3641,414,2,431.300,0,100,681826.100,224506.200
m3638,699,2,446.000,0,472,682934.400,227233.700
m3634,250,2,422.200,0,756,681248.900,226160.700
m3632,241,2,421.500,0,63,681081.100,226196.700
m3371,1025,13,466.300,0,0,663645.600,226340.700
m3367,1173,3,429.700,0,0,674866.400,221429.400
m3364,566,2,451.500,0,17,682179.900,224784.900
m3362,533,2,450.500,0,167,682178.400,224796.200
m3101,1141,9,411.000,0,31,673064.900,237040.700
m3098,1386,4,420.200,0,1177,679518.600,227295.400
m2824,230,2,420.000,0,0,681013.900,225883.700
m2820,390,2,429.300,0,0,681782.100,224868.700
m2816,1454,16,426.100,0,0,681592.900,224306.400
m2558,87,7,422.200,0,0,676789.600,225880.700
m2556,86,7,423.300,0,478,676642.100,225908.200
m2552,623,2,443.100,0,67,682382.600,227724.700
m2548,389,2,430.700,0,182,681810.100,224488.200
m2282,1022,13,512.700,0,0,663373.600,223669.200
m2278,1302,10,461.300,0,23,677160.400,233055.900
m2012,459,2,426.600,0,267,681927.400,226243.400
m2008,1407,4,418.800,0,379,679847.100,226199.900
m2004,359,2,423.400,0,17,681700.600,224527.700
m1741,603,2,442.300,0,12,682340.600,227881.900
m1736,1670,1,416.500,0,0,678474.100,227162.900
m1731,1677,1,416.400,0,0,678465.400,227151.200
m1728,1085,8,468.700,0,77,671719.100,227648.700
m1464,688,2,438.200,0,658,682876.900,226430.700
m1462,686,2,437.200,0,104,682839.400,226430.700
m1459,1351,4,416.900,0,0,679253.400,226745.700
m1457,1349,4,415.800,0,89,679017.400,226812.400
m1198,104,7,425.400,0,0,677119.600,226458.700
m1196,95,7,424.600,0,246,677019.100,226484.400
m1193,1012,15,468.000,0,0,661722.100,230349.900
m1191,1011,15,467.600,0,73,661712.900,230379.700
m1188,1125,8,410.600,0,0,672648.100,227601.900
m1186,1121,8,412.000,0,31,672636.600,227754.400
m927,94,7,426.000,0,21,676897.600,225885.700
m924,259,2,418.700,0,0,681304.400,225409.700
m922,240,2,418.800,0,0,681278.400,225447.200
m919,348,2,421.100,0,181,681660.100,224884.400
m917,300,2,420.800,0,774,681658.400,224795.900
m914,1683,1,417.800,0,0,679325.600,226890.900
m912,1682,1,417.600,0,0,679314.100,226847.200
m655,1404,4,420.900,0,614,679987.900,226432.700
m653,1392,4,419.900,0,386,679766.600,226380.400
m649,1169,3,466.300,0,91,674839.400,220934.900
m646,443,2,425.100,0,258,682019.600,225946.900
m644,442,2,424.500,0,0,681880.100,225975.400
m641,112,7,424.500,0,214,677126.100,226259.700
m383,690,2,450.200,0,54,682898.600,227729.900
m380,1197,3,434.600,0,658,675082.900,221272.700
m378,1196,3,437.600,0,70,675081.900,221194.900
m375,1414,4,425.100,0,264,679945.100,227573.200
m373,1403,4,424.300,0,0,680011.400,227502.700
m370,1246,9,482.000,0,0,675581.600,236313.700
m368,1202,9,483.100,0,0,675526.900,236279.400
m110,436,2,437.800,0,325,682034.400,227857.700
m107,1440,6,464.400,0,0,681500.400,222091.900
m105,1439,6,454.700,0,75,681427.900,222125.400
m102,1395,4,422.900,0,1013,679720.600,227533.700
m100,1394,4,422.700,0,225,679692.400,227521.400
m97,257,2,420.300,0,0,681316.600,225716.700
m5294,1053,13,476.600,0,0,664411.400,224253.900
m5287,725,2,481.800,0,0,683239.600,227384.200
m5280,1295,9,502.000,0,64,676532.100,236415.200
m5011,641,2,440.600,0,541,682430.900,227276.700
m4739,256,2,420.900,0,63,681244.400,225917.400
m4478,1176,3,431.000,0,1317,674886.400,221897.400
m4475,664,2,440.200,0,235,682622.900,227107.700
m4468,190,7,433.900,0,60,677907.900,226738.200
m4205,1702,1,437.000,0,0,682129.100,227208.900
m4192,319,2,492.200,0,179,681709.600,222950.900
m3935,1099,8,460.000,0,45,671832.900,227831.700
m3928,535,2,425.400,0,29,682110.600,225855.900
m3926,517,2,425.300,0,18,682108.900,225845.900
m3663,628,2,430.500,0,0,682404.400,225929.400
m3657,735,2,463.000,0,16,683622.100,227573.400
m3655,734,2,462.800,0,156,683604.100,227580.200
m3649,1625,1,411.400,0,0,672647.600,227768.900
m3388,121,7,427.600,0,0,677153.400,226134.700
m3381,613,2,431.300,0,155,682366.100,226297.400
m3379,612,2,428.800,0,0,682327.400,226163.700
m3376,694,2,453.900,0,1263,683092.100,227752.700
m3114,222,2,418.500,0,576,680735.900,225768.900
m3110,133,7,419.200,0,74,677249.400,225807.400
m3107,377,2,433.000,0,37,681755.900,227214.200
m3105,287,2,431.000,0,0,681661.900,227152.400
m2841,1254,9,507.000,0,0,676023.600,236865.200
m2833,67,7,429.200,0,205,676509.600,225943.400
m2571,1026,13,464.900,0,0,663613.100,225794.200
m2565,119,7,427.500,0,86,677164.900,226141.200
m2302,1162,9,440.700,0,94,674551.100,235156.200
m2298,155,7,421.200,0,90,677471.600,226277.200
m2296,153,7,421.300,0,276,677471.400,226338.400
m2293,733,2,459.900,0,174,683448.100,227722.900
m2288,1133,8,406.000,0,64,672696.400,226639.700
m2031,108,7,426.900,0,483,677028.600,225895.200
m2024,73,7,423.500,0,0,676509.100,225697.900
m2022,72,7,424.000,0,70,676499.600,225701.900
m2016,1323,4,416.400,0,0,678468.400,227142.700
m1758,177,7,440.900,0,242,677747.600,226607.700
m1751,388,2,430.100,0,54,681781.900,224458.900
m1745,1075,13,495.700,0,0,665369.400,224318.400
m1485,1082,8,479.100,0,79,671732.100,228055.400
m1483,1081,8,483.300,0,76,671708.100,228150.700
m1480,1457,16,424.100,0,0,681839.100,225082.200
m1478,1456,16,422.000,0,0,681702.100,225107.900
m1475,703,2,448.300,0,208,682909.600,228202.200
m1473,685,2,449.600,0,625,683014.400,228106.400
m1212,1092,8,469.600,0,35,671790.900,227974.900
m1210,1091,8,471.300,0,15,671799.900,228048.200
m1207,1050,13,481.100,0,73,664415.400,224763.900
m1205,1049,13,479.200,0,101,664372.100,224750.900
m1201,1187,3,429.800,0,0,675176.100,222287.900
m942,1402,4,426.300,0,60,679763.900,227419.200
m938,166,7,421.100,0,388,677580.100,226124.900
m936,157,7,421.400,0,869,677579.400,226136.400
m933,1226,3,429.200,0,1239,675333.100,222283.700
m929,97,7,424.800,0,135,676928.600,225809.200
m670,500,2,502.000,0,134,682102.400,223828.200
m668,499,2,495.500,0,1000,682015.100,223706.400
m665,143,7,421.900,0,148,677305.400,226165.400
m663,142,7,417.600,0,164,677357.400,226164.700
m660,1160,9,435.300,0,93,674427.400,235674.400
m658,1159,9,432.500,0,96,674333.400,235724.200
m399,1175,3,473.500,0,230,674867.400,220828.200
m397,1171,3,479.300,0,126,674783.400,220774.200
m393,406,2,423.900,0,101,681848.400,225880.400
m390,135,7,421.100,0,96,677346.900,226106.200
m388,132,7,423.000,0,273,677267.400,226246.700
m385,691,2,450.100,0,253,682903.600,227793.900
m127,368,2,459.200,0,0,681760.100,223674.400
m125,344,2,454.600,0,65,681732.400,223684.200
m122,704,2,461.300,0,176,683025.400,227368.900
m120,697,2,457.700,0,94,683014.900,227452.900
m117,1189,3,429.800,0,207,675068.900,221739.700
m115,1184,3,429.900,0,106,675042.100,221799.700
m112,518,2,438.600,0,847,682065.600,227816.400
m5310,1342,4,437.000,0,127,678940.100,227612.400
m5306,49,5,462.700,0,130,675390.400,225885.700
m5302,354,2,428.900,0,1348,681686.100,226837.900
m5298,1312,17,446.000,0,0,677666.400,229625.900
m4763,1419,6,414.400,0,273,680933.100,222121.700
m4758,46,5,466.700,0,45,675183.100,224846.200
m4754,39,5,465.000,0,0,674986.900,225700.400
m4490,1192,3,432.000,0,481,674788.900,221523.400
m4485,717,2,451.900,0,0,683261.600,228381.700
m4220,76,7,420.300,0,17,676522.900,225245.900
m4216,654,2,444.000,0,137,682450.400,227840.200
m4209,381,2,422.200,0,83,681771.100,225394.400
m3945,365,2,433.700,0,34,681625.600,227942.700
m3675,1181,3,428.900,0,58,675007.400,221487.400
m3670,1257,3,435.100,0,45,675820.900,222216.200
m3401,271,2,419.500,0,0,681458.400,225444.200
m3395,588,2,459.600,0,44,682293.400,225157.200
m3132,1656,1,419.700,0,0,676685.400,226919.400
m3130,1651,1,429.700,0,0,676345.900,227254.900
m3127,249,2,420.900,0,82,681245.900,225867.400
m3125,248,2,420.900,0,185,681249.900,225812.900
m3121,399,2,423.200,0,151,681795.400,225817.200
m2863,307,2,420.900,0,753,681599.100,225155.400
m2856,59,7,432.700,0,0,676287.400,225737.900
m2589,636,2,444.000,0,400,682425.400,227640.200
m2584,1095,8,458.700,0,73,671823.400,227708.700
m2581,1259,3,439.400,0,0,675865.400,222235.900
m2579,1258,3,438.900,0,8,675872.400,222214.700
m2576,580,2,440.000,0,518,682276.100,227388.200
m2312,1354,4,427.200,0,43,679236.400,227849.900
m2308,696,2,450.800,0,283,682936.600,227648.400
m2046,70,7,423.600,0,756,676459.900,225456.900
m2040,366,2,437.100,0,27,681956.100,228194.200
m2038,364,2,434.400,0,189,681723.900,227977.400
m2035,1016,15,484.900,0,0,662086.400,230858.900
m1773,56,7,459.300,0,0,676142.900,225659.200
m1769,1261,3,433.500,0,0,675796.100,222180.400
m1767,1260,3,437.100,0,260,675883.600,222177.400
m1764,1358,4,431.500,0,0,679262.400,227950.400
m1762,1357,4,431.700,0,238,679196.900,228011.200
m1501,139,7,423.100,0,336,677326.400,226090.700
m1497,1696,1,439.700,0,0,681909.900,227597.400
m1493,138,7,422.400,0,259,677342.100,225920.700
m1491,136,7,422.900,0,249,677305.100,225938.700
m1231,175,7,423.900,0,135,677727.100,226137.200
m1227,383,2,439.000,0,47,681775.100,228421.900
m1224,262,2,416.000,0,561,681332.900,225187.400
m1220,260,2,419.000,0,2473,681348.100,225429.700
m1216,672,2,433.600,0,37,682646.100,226481.400
m957,1272,3,442.300,0,229,676204.600,223751.900
m955,1270,3,444.000,0,2015,676000.400,223787.200
m952,1120,8,410.900,0,92,672550.400,226917.900
m950,1116,8,421.500,0,999,672332.400,226896.700
m947,411,2,425.900,0,494,681824.100,226241.200
m945,371,2,426.100,0,96,681759.600,226254.900
m687,1230,3,429.900,0,0,675492.600,222448.200
m684,1146,9,417.900,0,0,673162.900,237111.700
m682,1144,9,411.300,0,46,673074.900,237042.200
m679,141,7,418.900,0,2800,677405.400,225989.200
m677,140,7,423.100,0,37,677353.400,225951.900
m674,28,5,460.300,0,0,674823.400,225771.700
m414,1041,13,470.000,0,0,664079.400,224109.400
m412,1030,13,469.800,0,133,664052.900,224136.700
m409,253,2,415.100,0,601,681497.400,224966.700
m407,231,2,415.400,0,175,681274.400,225131.900
m404,1112,8,424.000,0,24,672198.100,227287.700
m402,1108,8,423.200,0,0,672317.400,227383.900
m142,1096,8,453.800,0,88,671825.600,227623.900
m140,1088,8,467.300,0,57,671773.900,227730.200
m137,197,7,423.900,0,363,678229.400,226601.700
m135,196,7,424.800,0,98,678208.900,226536.400
m132,569,2,440.100,0,52,682189.100,227909.200
m130,537,2,440.000,0,0,682167.600,227932.700
m5314,1413,4,420.300,0,122,679920.600,227301.200
m5051,303,2,416.800,0,0,681605.600,224644.200
m5046,666,2,446.100,0,95,682629.100,227587.700
m5040,1380,4,419.000,0,438,679487.900,226331.900
m4773,251,2,421.400,0,139,681294.600,226032.700
m4497,485,2,423.300,0,2170,681901.100,225792.400
m4239,1393,4,419.900,0,198,679666.100,227128.700
m3965,270,2,418.000,0,881,681423.400,225305.400
m3961,315,2,421.300,0,175,681587.900,224390.900
m3952,492,2,509.700,0,172,681995.400,223538.400
m3691,189,7,428.200,0,19,677890.400,225868.400
m3422,1089,8,471.600,0,35,671770.100,227811.900
m3412,1305,10,462.600,0,25,677261.400,233092.200
m3148,514,2,439.700,0,0,682088.600,227484.900
m3146,513,2,439.200,0,65,682050.100,227476.700
m3139,1624,1,403.800,0,0,672790.100,227751.700
m2874,455,2,423.700,0,100,681914.600,225435.900
m2870,100,7,438.000,0,320,677004.900,227591.400
m2868,99,7,438.500,0,0,676987.400,227613.400
m2865,333,2,420.600,0,326,681616.900,225069.400
m2604,695,2,450.400,0,78,682922.100,227632.900
m2598,324,2,418.000,0,201,681600.600,224543.200
m2596,302,2,416.700,0,0,681572.100,224560.400
m2593,1243,3,433.300,0,0,675655.600,222740.400
m2335,1060,13,477.400,0,0,664583.900,224090.900
m2333,1058,13,480.000,0,0,664576.900,223942.700
m2323,1331,4,417.300,0,257,678677.400,227207.700
m2320,1018,15,485.800,0,39,662124.100,230661.400
m2063,561,2,440.600,0,306,682173.400,227511.400
m2061,525,2,440.100,0,198,682107.600,227503.400
m2058,1390,4,417.600,0,0,679589.100,226080.700
m2056,1384,4,417.500,0,114,679574.600,226085.700
m2053,80,7,419.000,0,0,676586.600,225227.700
m2051,79,7,419.600,0,325,676565.400,225163.200
m2048,71,7,419.800,0,126,676552.600,225469.700
m1790,14,5,445.800,0,16,674678.400,225668.900
m1788,13,5,448.700,0,86,674662.900,225534.900
m1785,38,5,463.600,0,114,674959.600,225679.700
m1780,587,2,471.700,0,1153,682406.900,224987.700
m1777,1240,3,448.800,0,889,675446.100,224054.900
m1517,558,2,440.100,0,149,682206.600,227976.700
m1513,653,2,445.900,0,0,682587.100,227843.700
m1511,652,2,445.200,0,90,682534.400,227840.900
m1504,1034,13,468.300,0,0,663928.900,224624.200
m1247,1071,13,489.700,0,18,665068.100,224573.200
m1245,1069,13,491.100,0,0,665103.100,224598.900
m1241,343,2,448.300,0,119,681648.100,223596.700
m1238,1225,3,458.900,0,137,675347.100,220997.900
m1236,1222,3,454.500,0,0,675320.400,221056.200
m1233,181,7,423.900,0,863,677804.900,226144.400
m975,1278,9,493.800,0,138,676253.900,236241.400
m972,559,2,453.100,0,27,682171.100,224744.700
m970,543,2,461.600,0,168,682154.600,224646.200
m967,137,7,420.300,0,258,677291.900,226473.400
m965,128,7,413.300,0,130,677232.400,226440.900
m962,597,2,471.400,0,113,682403.100,224978.200
m960,581,2,492.900,0,365,682228.400,224455.200
m703,1148,9,415.400,0,0,673297.400,236766.700
m701,1142,9,416.100,0,253,673267.900,236799.900
m698,261,2,416.100,0,397,681305.900,225187.400
m694,516,2,424.800,0,51,682052.400,225857.700
m692,496,2,424.400,0,78,682000.100,225868.400
m689,1241,3,429.900,0,415,675637.400,222321.700
m431,448,2,427.800,0,157,681906.400,226395.900
m428,1642,1,483.500,0,320,675698.100,236082.700
m426,1641,1,481.400,0,0,675619.600,236334.400
m423,1028,13,467.500,0,1276,663836.600,225557.700
m421,1027,13,464.800,0,0,663650.900,225592.900
m417,1149,9,416.700,0,63,673362.900,236693.400
m157,575,2,492.100,0,137,682212.600,224418.900
m155,447,2,493.600,0,189,682188.600,224316.400
m152,1310,10,470.100,0,209,677664.900,232878.900
m150,1307,10,467.400,0,243,677477.100,233202.200
m147,1166,9,461.900,0,19,674743.600,235746.700
m145,1152,9,421.700,0,0,673548.400,236489.200
m25471,1450,6,426.100,0,0,681588.400,224299.400
m5058,574,2,440.000,0,74,682207.600,227448.200
m4795,1268,3,440.900,0,122,675945.400,222231.900
m4519,1689,1,418.900,0,0,681292.600,225449.200
m4512,1458,16,424.600,0,0,681851.400,225185.400
m4254,529,2,439.000,0,16,682096.100,227419.400
m4247,545,2,426.500,0,0,682135.100,225438.400
m4243,356,2,423.100,0,1345,681696.900,224689.700
m3974,47,5,462.300,0,383,675187.400,225032.400
m3970,1239,3,438.400,0,476,675466.600,221415.200
m3711,698,2,444.300,0,535,682932.600,226270.900
m3707,1341,4,414.800,0,388,678860.100,226641.900
m3703,85,7,416.700,0,144,676792.600,224870.900
m3699,1447,6,446.300,0,382,681487.100,223117.700
m3697,1446,6,441.200,0,258,681536.600,223388.400
m3437,25,5,443.700,0,157,674779.600,225251.700
m3435,15,5,447.200,0,136,674732.100,225407.700
m3431,1630,1,396.100,0,0,672931.900,226593.700
m3167,1690,1,419.400,0,0,681448.100,225432.200
m3155,1648,1,488.800,0,0,675901.900,239291.700
m2894,1244,3,439.000,0,677,675579.900,221433.400
m2891,1681,1,417.000,0,0,679278.900,226732.700
m2884,109,7,431.200,0,230,676925.100,226001.700
m2623,66,7,431.500,0,67,676433.600,225199.400
m2620,578,2,496.800,0,169,682218.100,224251.400
m2616,1161,9,441.800,0,0,674449.900,235160.700
m2611,213,2,415.400,0,72,680413.400,225643.200
m2350,180,7,429.900,0,0,677844.600,226388.200
m2346,1220,3,454.700,0,237,675241.900,221037.200
m2343,611,2,442.100,0,78,682377.600,228063.200
m2339,22,5,449.300,0,32,674735.900,225535.900
m2077,1665,1,460.400,0,0,677198.400,232926.400
m2075,1647,1,460.400,0,0,677212.900,232940.200
m2072,687,2,439.100,0,208,682863.600,226372.400
m2068,1256,9,489.300,0,0,675893.900,236495.900
m2066,1252,9,486.000,0,281,675736.600,236648.700
m1806,1292,3,448.000,0,0,676459.400,221591.200
m1802,1622,12,510.400,0,0,666198.600,222812.400
m1795,60,7,436.000,0,292,676240.900,225804.400
m1793,57,7,440.700,0,129,676163.400,225883.900
m1534,1070,13,490.200,0,20,665105.900,224466.900
m1531,345,2,441.600,0,45,681650.100,223743.400
m1529,317,2,446.200,0,0,681590.100,223442.700
m1526,644,2,443.500,0,41,682445.100,228000.900
m1524,606,2,443.000,0,49,682415.400,228008.400
m1520,1178,3,428.000,0,466,674974.100,221515.200
m1261,298,2,424.700,0,0,681880.900,225990.700
m1259,296,2,423.400,0,800,681569.900,226009.700
m1256,1658,1,422.800,0,0,676781.900,226822.700
m1254,1657,1,417.900,0,0,676704.900,226900.900
m1251,1359,4,419.700,0,563,679199.900,227286.900
m991,430,2,427.600,0,47,681803.900,226529.400
m989,428,2,427.900,0,0,681850.400,226526.200
m985,53,7,447.400,0,32,676153.400,225810.200
m982,332,2,422.600,0,0,681641.100,224472.400
m980,310,2,424.000,0,0,681635.900,224430.700
m977,1293,9,500.700,0,88,676472.400,236176.400
m718,1131,8,408.200,0,96,672649.100,226574.900
m712,555,2,439.700,0,158,682186.100,227424.400
m708,659,2,445.600,0,486,682598.600,227738.200
m706,645,2,446.400,0,57,682625.100,227617.400
m447,305,2,416.200,0,333,681573.400,224933.900
m443,530,2,439.600,0,11,682164.100,227419.700
m441,521,2,436.900,0,275,682119.900,227206.700
m438,1426,6,417.500,0,22,681131.600,222660.200
m436,1423,6,415.500,0,156,681044.600,222552.400
m433,449,2,428.500,0,103,681917.600,226447.700
m175,1156,9,430.700,0,0,674100.100,234988.700
m172,268,2,421.100,0,58,681319.600,225797.200
m170,267,2,420.400,0,30,681345.600,225727.900
m167,400,2,423.200,0,1239,681828.900,225790.200
m165,392,2,422.100,0,1266,681785.600,225566.900
m162,609,2,460.200,0,94,682381.900,225124.700
m160,608,2,458.200,0,798,682323.900,225179.900
m30100,1462,3,433.100,0,0,675649.900,222734.200
m5078,1296,9,502.800,0,0,676594.900,236184.900
m5074,669,2,443.100,0,0,682635.100,227314.700
m4537,27,5,461.200,0,25,674813.100,225799.700
m4264,1147,9,422.200,0,69,673422.400,236851.400
m3996,1297,10,458.700,0,0,676952.900,233250.200
m3990,1209,3,429.900,0,0,675156.900,221922.900
m3725,1180,9,449.300,0,57,674971.600,235372.700
m3723,1179,9,447.400,0,0,674963.100,235228.200
m3447,1090,8,474.200,0,46,671780.600,228114.200
m3441,479,2,431.300,0,51,681929.100,226800.400
m3183,600,2,441.500,0,265,682315.100,228033.700
m3180,418,2,480.500,0,121,681776.600,223458.700
m3178,417,2,485.900,0,40,681829.400,223541.700
m3175,511,2,523.000,0,122,682032.900,223457.700
m2906,1045,13,473.400,0,0,664387.600,224228.200
m2901,232,2,418.000,0,0,680931.100,225561.200
m2637,74,7,424.600,0,212,676597.600,225919.900
m2634,1637,1,446.500,0,0,675185.400,223911.400
m2632,1636,1,452.100,0,0,675407.400,224150.900
m2629,1294,9,500.300,0,0,676498.600,236210.700
m2625,69,7,429.000,0,823,676513.900,225013.700
m2365,1649,1,448.200,0,17,676004.100,223026.200
m2360,1135,8,401.900,0,179,672742.600,226751.700
m2357,1228,3,453.400,0,69,675363.600,221069.400
m2355,1227,3,448.900,0,0,675336.400,221130.700
m2352,188,7,429.200,0,21,677881.100,226397.700
m2093,621,2,442.700,0,0,682357.900,227750.700
m2091,610,2,442.100,0,0,682328.600,227780.400
m2085,1078,11,515.600,0,303,666648.600,222850.200
m2083,1077,11,513.900,0,52,666658.100,222807.400
m1821,237,2,418.100,0,166,680959.600,225576.200
m1819,234,2,418.100,0,0,680944.900,225573.700
m1816,247,2,420.000,0,40,681235.400,225691.900
m1814,246,2,420.600,0,148,681240.400,225739.700
m1811,1701,1,440.000,0,0,682107.100,227718.400
m1809,1700,1,439.900,0,0,681973.100,227633.900
m1548,440,2,465.200,0,56,681874.900,223835.900
m1546,403,2,459.600,0,112,681806.100,223760.400
m1540,1308,10,463.200,0,266,677418.900,232980.700
m1538,1306,10,463.200,0,0,677407.400,233007.200
m1274,524,2,440.100,0,127,682077.100,227612.900
m1272,522,2,440.000,0,51,682074.900,227572.900
m1268,1048,13,479.900,0,66,664348.600,224796.400
m1264,541,2,426.800,0,64,682167.600,225925.400
m1006,186,7,424.300,0,200,677993.400,226312.900
m1004,182,7,434.000,0,100,677938.400,226659.900
m1001,1299,10,459.900,0,0,677072.400,233293.900
m999,1298,10,460.200,0,0,677041.400,233282.900
m996,279,2,419.400,0,226,681484.900,225208.900
m994,274,2,417.800,0,221,681484.600,225134.200
m732,78,7,419.200,0,0,676582.900,225353.400
m729,129,7,424.700,0,282,677269.100,225958.400
m727,122,7,428.500,0,377,677209.900,226008.700
m724,35,5,464.900,0,0,674913.900,225750.700
m720,1132,8,406.600,0,157,672711.400,226576.200
m461,117,7,427.200,0,1149,677333.400,226894.700
m459,111,7,431.700,0,812,677111.400,227297.200
m456,1617,12,470.000,0,0,664086.900,224116.900
m452,676,2,514.400,0,48,682779.900,224945.900
m450,675,2,532.200,0,493,682675.600,224765.200
m190,1391,4,423.000,0,0,679705.600,227491.400
m187,1080,11,511.600,0,300,666779.400,222737.200
m185,1079,11,511.200,0,0,666745.900,222808.700
m182,1211,3,429.900,0,500,675143.400,222227.900
m180,1205,3,429.900,0,267,675130.400,222203.900
m177,1158,9,430.900,0,344,674157.900,234794.900
m30112,736,2,455.100,0,0,683219.400,227869.900
m30125,1707,1,422.800,0,264,676786.600,226828.700
m5102,1117,8,422.000,0,47,672324.900,226808.900
m5092,391,2,438.500,0,280,681783.600,228395.400
m5088,1111,8,432.100,0,458,672118.400,227411.400
m4830,1122,8,411.100,0,479,672582.400,227087.900
m4828,1119,8,413.100,0,0,672524.900,227058.900
m4825,219,2,415.700,0,125,680522.100,225951.900
m4817,415,2,435.100,0,0,681827.400,227820.700
m4556,1643,1,481.300,0,0,675626.400,236344.900
m4285,145,7,413.700,0,161,677359.100,226300.400
m4280,283,2,429.700,0,0,681510.600,227170.700
m4274,1688,1,415.300,0,0,680561.600,225926.400
m4014,295,2,421.000,0,31,681563.400,224353.900
m4005,1163,9,437.400,0,190,674512.400,234907.400
m4001,61,7,427.200,0,352,676422.900,225311.200
m3742,1186,3,430.000,0,397,675038.600,222390.700
m3733,238,2,419.600,0,264,681004.900,225763.700
m3729,1429,6,435.500,0,809,681130.100,221924.200
m3470,1437,6,426.900,0,3800,681495.100,223650.900
m3468,1435,6,413.500,0,69,681423.100,223708.200
m3465,1350,4,415.300,0,0,678970.100,226829.400
m3461,646,2,442.700,0,40,682459.600,227451.900
m3197,1032,13,471.100,0,665,664059.600,225162.400
m3195,1031,13,467.200,0,0,663860.400,224969.700
m3192,321,2,421.100,0,127,681591.400,224403.900
m3187,1353,4,433.300,0,78,679055.400,227975.700
m2927,220,2,420.200,0,1063,680712.100,226146.200
m2923,1255,9,484.200,0,219,675773.400,236416.700
m2920,1280,14,426.200,0,77,676194.400,227512.900
m2918,1279,14,422.400,0,0,676145.600,227550.900
m2654,1102,8,445.000,0,212,671908.600,227641.400
m2647,150,7,422.700,0,427,677450.600,226440.200
m2643,1436,6,427.400,0,181,681397.900,223347.200
m2641,1434,6,419.100,0,24,681317.900,223358.900
m2381,1219,3,437.400,0,346,675224.900,221276.900
m2374,586,2,457.900,0,0,682233.600,225093.400
m2372,532,2,450.400,0,537,682102.900,224948.900
m2369,352,2,438.800,0,0,681768.100,228412.200
m2111,43,5,464.200,0,0,675203.400,225695.700
m2107,1389,4,423.300,0,625,679609.900,227497.700
m2103,24,5,458.500,0,12,674758.100,225786.700
m2101,23,5,456.700,0,40,674772.400,225751.400
m2098,1703,1,426.200,0,0,682124.100,225939.200
m2096,1695,1,423.300,0,0,681839.600,225811.700
m1835,379,2,440.700,0,0,681757.400,224255.900
m1833,329,2,441.200,0,192,681740.400,224231.900
m1830,131,7,421.600,0,0,677237.600,226308.700
m1826,1021,13,485.300,0,0,663531.400,223815.900
m1824,1020,13,485.500,0,0,663546.400,223852.200
m1564,1629,1,400.300,0,0,672844.600,226627.900
m1560,542,2,463.200,0,24,682130.100,224596.900
m1558,508,2,454.100,0,160,682056.400,224554.400
m1552,218,2,416.400,0,333,680604.100,225671.900
m1294,1200,3,429.700,0,384,675178.900,222081.900
m1292,1199,3,429.800,0,983,675092.400,222127.900
m1289,594,2,441.600,0,267,682281.600,227752.400
m1282,395,2,424.200,0,720,681852.600,225086.400
m1280,394,2,427.800,0,365,681787.600,224964.700
m1021,1430,6,428.600,0,62,681240.100,222371.700
m1018,1432,6,454.400,0,184,681317.100,221928.700
m1016,1421,6,443.000,0,261,681224.400,221993.900
m1012,563,2,460.500,0,453,682175.400,225169.200
m750,347,2,422.600,0,0,681688.900,224673.900
m747,435,2,436.200,0,0,681857.600,227782.200
m745,425,2,436.100,0,0,681839.100,227774.400
m742,397,2,483.800,0,148,681868.400,223586.700
m740,396,2,476.600,0,161,681788.100,223559.400
m736,286,2,418.300,0,54,681538.100,224358.400
m476,209,2,416.100,0,392,679914.600,225842.900
m474,207,2,416.900,0,0,679805.900,225871.700
m471,501,2,522.300,0,25,682015.600,223419.200
m469,461,2,515.800,0,0,681969.600,223418.900
m466,674,2,443.800,0,70,682705.600,227259.900
m464,673,2,443.700,0,0,682667.600,227333.400
m206,1233,3,449.600,0,0,675417.100,224059.400
m204,1232,3,449.900,0,0,675406.100,224048.900
m201,465,2,423.600,0,608,681937.900,225275.700
m199,420,2,423.000,0,167,681885.900,225287.700
m196,407,2,424.200,0,267,681858.600,225930.400
m194,401,2,423.800,0,200,681807.400,225892.700
m5110,1664,1,425.200,0,0,677215.900,226936.200
m5106,206,2,418.300,0,315,679794.900,226110.200
m4846,1411,4,428.900,0,539,679866.600,227746.200
m4575,288,2,442.000,0,93,681542.100,228420.400
m4571,42,5,463.300,0,300,675085.400,225642.400
m4564,1442,20,419.800,0,0,681522.100,225434.900
m4560,291,2,429.000,0,0,681551.400,226973.700
m4302,572,2,427.300,0,0,682201.900,225427.200
m4297,204,2,417.900,0,0,679762.100,226019.700
m4025,1633,1,462.400,0,0,675253.400,225228.200
m4022,707,2,469.400,0,107,683080.600,227454.700
m3758,162,7,418.100,0,0,677594.100,226029.700
m3755,1223,3,431.300,0,196,675267.100,222702.400
m3751,1137,8,399.700,0,143,672816.400,226800.200
m3744,1188,3,430.500,0,96,675065.100,222439.200
m3484,565,2,453.700,0,0,682178.400,224752.200
m3481,1333,4,417.000,0,219,678717.100,227147.400
m3477,1329,4,415.800,0,176,678523.600,226985.700
m3214,710,2,451.400,0,92,683172.900,228106.200
m3211,102,7,421.300,0,188,677196.100,225834.200
m3201,466,2,424.100,0,0,681980.100,225267.200
m2942,567,2,426.200,0,210,682184.400,225738.900
m2937,527,2,439.000,0,53,682095.600,228265.200
m2934,294,2,424.500,0,0,681562.600,224299.400
m2932,293,2,421.100,0,0,681556.400,224342.900
m2929,221,2,420.100,0,1331,680694.100,226010.900
m2669,393,2,423.600,0,265,681923.400,225537.700
m2665,278,2,419.400,0,45,681550.400,225105.900
m2657,173,7,424.600,0,900,677762.400,226329.400
m2394,1061,13,476.200,0,248,664618.100,224101.200
m2388,571,2,494.800,0,0,682222.600,224206.700
m2125,408,2,444.000,0,117,682001.600,224608.700
m2119,318,2,460.700,0,0,681676.400,223503.200
m2114,1115,8,415.300,0,830,672580.900,227456.400
m1852,114,7,429.700,0,421,677089.100,226162.900
m1850,113,7,429.800,0,0,677094.100,226151.900
m1847,640,2,536.700,0,90,682429.900,224241.700
m1845,630,2,548.300,0,90,682554.400,224235.200
m1841,528,2,439.700,0,0,682173.100,228261.200
m1581,1218,3,433.600,0,0,675224.900,221327.400
m1579,1198,3,432.800,0,119,675179.400,221330.200
m1576,1015,15,483.900,0,0,662018.600,230825.700
m1572,1014,15,481.200,0,330,661823.100,230961.400
m1310,423,2,423.600,0,0,681900.400,225368.400
m1307,650,2,435.700,0,308,682645.600,226245.200
m1305,649,2,432.800,0,396,682477.400,226245.200
m1302,1150,9,414.300,0,38,673334.900,236666.200
m1297,560,2,439.900,0,0,682185.400,228259.200
m1039,1282,14,431.200,0,14,676308.900,227401.900
m1036,1097,8,466.700,0,91,671831.100,228017.200
m1034,1094,8,468.400,0,65,671826.900,228061.400
m1031,1364,4,432.100,0,0,679305.400,227952.400
m1029,1363,4,430.800,0,194,679282.600,227933.700
m1025,18,5,453.700,0,16,674765.600,225676.700
m767,506,2,424.900,0,28,682045.600,225597.400
m765,463,2,424.200,0,33,681998.100,225611.700
m762,635,2,429.000,0,129,682411.400,226034.400
m760,629,2,430.300,0,89,682406.100,225959.200
m757,583,2,441.700,0,1665,682261.100,227736.400
m755,562,2,441.500,0,756,682231.600,227542.200
m752,355,2,424.000,0,24,681691.600,224637.200
m495,1231,3,437.800,0,0,675397.600,221313.700
m487,1084,8,474.500,0,52,671732.900,227720.700
m484,26,5,459.500,0,0,674841.400,225724.200
m482,19,5,456.000,0,77,674796.900,225695.900
m221,616,2,441.900,0,0,682346.900,228190.700
m219,582,2,440.400,0,93,682230.100,228234.700
m216,1382,4,420.100,0,20,679491.600,227321.900
m214,1374,4,420.200,0,266,679475.100,227337.400
m211,634,2,443.800,0,152,682429.900,227603.900
m209,584,2,443.900,0,116,682408.900,227629.700
m25526,1277,9,498.100,0,305,676206.100,235921.400
m4860,1248,9,481.300,0,0,675634.400,236346.700
m4855,172,7,421.900,0,187,677736.400,226051.900
m4589,1376,4,418.700,0,28,679426.900,226282.400
m4580,1029,13,469.800,0,0,663842.400,224053.400
m4313,1203,3,431.000,0,0,675109.900,222520.200
m4309,198,7,429.400,0,20,678103.100,226542.400
m4041,1328,4,416.000,0,393,678487.600,226698.200
m4037,1059,13,483.900,0,431,664490.900,223915.700
m4032,185,7,419.100,0,433,678010.600,226182.700
m3772,638,2,429.900,0,834,682519.900,226133.700
m3498,339,2,438.000,0,0,681693.100,228374.200
m3496,312,2,436.500,0,0,681663.900,228329.400
m3493,1107,8,438.300,0,56,671971.100,227556.900
m3488,205,2,417.900,0,0,679755.400,226005.900
m3228,1036,13,468.600,0,0,663941.100,224532.400
m3220,1105,8,454.400,0,16,671888.400,227831.900
m3216,720,2,454.500,0,108,683268.400,228143.200
m2953,731,2,457.100,0,0,683340.600,227941.200
m2946,1281,14,424.500,0,48,676157.100,227475.900
m2685,160,7,433.300,0,379,677551.100,226734.400
m2680,651,2,444.000,0,105,682649.600,227373.900
m2677,627,2,442.700,0,73,682403.100,227965.400
m2673,1140,8,399.500,0,0,672813.600,226721.700
m2415,520,2,439.900,0,758,682107.100,227727.400
m2411,476,2,437.600,0,44,681963.100,228270.700
m2409,475,2,437.400,0,35,681962.600,228237.400
m2405,1019,13,487.700,0,0,663530.600,223912.200
m2402,1415,4,421.200,0,657,679934.600,226451.200
m2139,728,2,454.500,0,1399,683228.400,227983.400
m2137,727,2,455.200,0,175,683312.400,228021.400
m2133,258,2,422.200,0,712,681397.600,226026.700
m2130,1301,10,462.300,0,0,677239.100,233301.200
m1871,1265,9,492.300,0,138,676089.600,236026.200
m1868,1193,3,432.700,0,81,675094.100,221545.400
m1863,174,7,422.400,0,112,677650.100,226139.900
m1860,1195,3,429.600,0,93,675113.400,221714.200
m1856,1300,10,459.100,0,28,677089.900,233243.900
m1599,1264,9,490.200,0,0,675940.600,236097.400
m1593,1074,13,494.900,0,0,665359.900,224353.900
m1589,1352,4,418.100,0,846,679310.100,226991.200
m1584,487,2,445.000,0,72,682009.900,224615.200
m1326,199,7,424.100,0,0,678226.100,226438.900
m1324,192,7,417.000,0,82,678347.600,226308.700
m1321,494,2,424.600,0,95,681998.600,225463.400
m1319,456,2,424.500,0,263,681982.600,225427.400
m1315,183,7,424.200,0,0,677859.600,226290.900
m1312,473,2,424.100,0,285,681952.400,225358.700
m1054,631,2,443.500,0,206,682405.900,227730.900
m1051,647,2,442.100,0,132,682465.600,227379.200
m1049,642,2,441.800,0,516,682499.600,227314.200
m1046,1054,13,484.700,0,28,664486.400,224360.700
m1044,1052,13,485.000,0,360,664453.900,224403.700
m1041,1289,14,429.700,0,912,676347.400,227271.200
m781,419,2,422.800,0,480,681830.600,225373.700
m779,382,2,422.900,0,112,681834.900,225382.200
m776,1627,1,401.100,0,347,672836.600,227857.400
m774,1626,1,401.100,0,0,672846.600,227756.200
m770,416,2,435.600,0,0,681827.100,227798.200
m510,89,7,423.500,0,0,676837.400,225881.400
m507,290,2,429.100,0,756,681548.100,227045.700
m505,284,2,429.300,0,0,681539.100,227086.700
m502,1087,8,477.700,0,111,671739.600,227982.400
m500,1083,8,476.000,0,0,671750.900,228026.400
m497,1238,3,437.900,0,570,675430.100,221406.900
m238,557,2,426.500,0,0,682202.400,226067.900
m231,1616,12,464.100,0,0,663565.900,226328.700
m229,1614,12,464.000,0,0,662143.100,229843.400
m226,88,7,421.100,0,428,676881.400,225638.700
m224,83,7,417.800,0,375,676760.400,225485.400
m5148,1650,1,490.100,0,0,676073.900,235927.200
m5138,1698,1,424.600,0,0,681854.900,225201.700
m4877,351,2,436.400,0,0,681693.900,228309.400
m4872,171,7,419.500,0,45,677636.100,226048.200
m4607,502,2,523.500,0,49,682016.600,223367.200
m4603,1338,4,414.900,0,1516,678794.100,226927.700
m4601,1335,4,415.000,0,969,678772.100,226941.200
m4597,643,2,489.000,0,682,682540.900,225012.200
m4593,325,2,419.500,0,105,681621.100,224518.400
m4329,254,2,421.200,0,48,681285.100,225991.400
m4320,1628,1,400.800,0,0,672839.100,227910.200
m4060,1040,13,469.700,0,0,664080.100,224077.400
m4058,1039,13,470.700,0,0,664071.900,223716.200
m4055,498,2,437.200,0,367,682006.400,227877.900
m4051,458,2,423.000,0,138,681847.900,225449.900
m3785,714,2,455.200,0,0,683227.600,227908.700
m3514,1455,16,422.100,0,0,681675.900,224985.400
m3510,1124,8,406.600,0,266,672719.600,226511.700
m3508,1123,8,406.900,0,69,672634.400,226433.400
m3505,1153,9,433.300,0,0,673662.400,236557.700
m3240,469,2,488.800,0,212,681942.100,223633.700
m3238,439,2,481.900,0,136,681903.900,223629.200
m3232,342,2,420.600,0,0,681655.100,224675.900
m2974,1130,8,407.200,0,101,672647.600,226740.700
m2972,1126,8,408.000,0,48,672637.900,226653.700
m2969,84,7,420.000,0,0,676584.600,225027.900
m2967,81,7,421.200,0,0,676566.600,225024.400
m2964,1433,6,459.000,0,3427,681345.600,221890.900
m2960,1212,3,433.500,0,64,675153.600,221379.400
m2703,398,2,444.300,0,151,682010.400,228646.900
m2699,598,2,441.300,0,201,682284.100,228304.900
m2697,593,2,441.000,0,74,682256.100,228268.400
m2694,244,2,419.700,0,71,681229.600,225643.900
m2692,243,2,419.800,0,239,681207.100,225647.700
m2688,1177,3,429.900,0,0,675025.100,221805.900
m2430,91,7,430.100,0,1443,676898.400,226401.400
m2424,242,2,421.900,0,202,681089.600,226245.200
m2420,590,2,467.800,0,156,682243.900,224724.700
m2418,589,2,468.000,0,233,682234.400,224705.700
m2156,1632,1,461.500,0,0,675448.900,225914.400
m2154,1631,1,453.500,0,0,674796.400,226357.400
m2151,208,2,417.000,0,0,679752.100,225885.400
m2147,1168,3,461.700,0,289,674690.100,220933.700
m2145,1167,3,476.400,0,266,674664.100,220841.400
m1885,12,5,445.200,0,227,674594.900,225573.700
m1883,11,5,446.800,0,0,674610.900,225533.200
m1879,457,2,423.700,0,108,681935.400,225535.700
m1873,1461,9,502.600,0,0,676330.900,235944.200
m1614,1346,4,418.300,0,217,679007.400,227224.900
m1610,201,7,418.200,0,190,678408.600,226424.900
m1606,1316,17,447.500,0,98,678008.900,229916.900
m1604,1313,17,438.300,0,0,677844.400,230369.700
m1601,1266,9,487.900,0,0,675917.900,236041.400
m1337,152,7,426.400,0,27,677438.100,226553.200
m1333,340,2,422.300,0,0,681642.400,224483.700
m1330,1215,3,434.400,0,208,675269.600,221333.400
m1070,1204,3,429.900,0,171,675064.600,221935.200
m1068,1201,3,430.000,0,0,675117.400,221958.700
m1065,156,7,416.200,0,0,677459.100,226100.700
m1063,154,7,418.400,0,127,677458.400,226123.900
m1060,538,2,426.000,0,124,682107.100,225929.200
m1056,632,2,443.900,0,32,682430.600,227744.900
m798,1093,8,461.400,0,61,671845.900,227903.700
m795,570,2,494.700,0,445,682189.400,224168.400
m791,681,2,447.800,0,376,682788.400,228034.400
m789,680,2,446.900,0,206,682764.600,228082.200
m786,55,7,456.400,0,0,676158.900,225620.700
m784,54,7,443.900,0,84,676206.900,225706.400
m527,422,2,441.600,0,31,681837.400,224835.200
m525,386,2,434.400,0,306,681834.400,224913.200
m522,444,2,424.900,0,909,681883.600,226018.900
m520,413,2,425.400,0,475,681898.600,226108.700
m517,1356,4,418.900,0,286,679081.600,227250.200
m515,1355,4,423.700,0,195,679059.100,227373.400
m512,92,7,423.000,0,143,676871.100,225799.400
m254,125,7,423.300,0,99,677262.100,225923.400
m252,124,7,426.100,0,117,677176.900,225913.400
m249,1286,3,441.500,0,194,676264.900,223734.700
m247,1283,3,442.300,0,88,676222.900,223746.700
m243,519,2,439.800,0,0,682174.900,227889.200
m240,592,2,429.500,0,74,682255.900,226335.700
m5164,1381,4,418.100,0,370,679472.400,226766.700
m5158,1449,16,424.900,0,6800,681565.900,224291.900
m5152,1183,9,449.500,0,167,675025.100,235241.900
m4891,1290,14,424.700,0,1067,676448.100,227417.900
m4887,1620,12,470.300,0,0,664221.400,224176.200
m4622,106,7,437.500,0,388,677032.600,227552.900
m4618,722,2,482.400,0,242,683315.600,226525.200
m4611,482,2,516.900,0,0,681970.400,223364.200
m4345,1416,4,423.100,0,177,680085.400,227411.400
m4341,1104,8,456.900,0,124,671890.100,227915.700
m4339,1103,8,461.500,0,320,671887.100,228114.700
m4072,1448,20,421.600,0,10283,681501.900,225741.400
m4070,1443,20,420.000,0,0,681552.100,225440.700
m4064,1262,9,496.500,0,224,676063.100,236540.900
m3805,474,2,438.000,0,97,682078.400,228070.900
m3801,708,2,453.500,0,0,683096.600,227818.200
m3534,276,2,419.700,0,69,681521.900,225421.900
m3524,1017,15,487.000,0,874,662122.100,230969.200
m3263,148,7,413.700,0,117,677524.900,225933.400
m3254,195,7,426.700,0,456,678159.900,226469.200
m3250,223,2,420.200,0,775,680823.900,225933.900
m2991,1151,9,431.100,0,0,673384.600,237097.700
m2987,1367,4,432.600,0,342,679406.100,227884.900
m2983,331,2,474.500,0,70,681587.100,223123.700
m2981,330,2,483.100,0,462,681610.900,223074.200
m2978,263,2,417.900,0,621,681319.100,225341.200
m2715,1672,1,415.700,0,0,677454.900,226108.200
m2707,426,2,435.700,0,665,681804.400,227757.200
m2447,29,5,448.700,0,196,674823.900,225397.200
m2443,1425,6,421.600,0,317,681119.400,222511.400
m2441,1424,6,417.100,0,280,681063.400,222545.900
m2438,1235,3,451.000,0,0,675347.100,224178.700
m2174,1303,10,460.400,0,10,677198.900,232948.200
m2171,505,2,424.800,0,208,682025.100,225514.900
m2164,1288,14,431.600,0,84,676335.400,227399.400
m2160,1621,12,478.400,0,0,664404.900,224289.200
m1903,1417,6,415.800,0,199,680957.400,222294.400
m1900,134,7,421.900,0,202,677250.600,225882.900
m1896,337,2,428.500,0,39,681678.400,224394.400
m1891,484,2,449.100,0,71,681936.100,224722.700
m1628,1172,3,469.300,0,138,674812.100,220921.700
m1624,127,7,418.000,0,14,677204.900,226426.700
m1622,120,7,424.200,0,152,677130.900,226465.700
m1619,277,2,419.700,0,0,681474.400,225236.200
m1617,275,2,419.100,0,53,681470.600,225279.700
m1359,1348,4,417.400,0,311,679040.900,227134.900
m1357,1347,4,416.700,0,551,679001.100,227078.400
m1354,1320,4,415.800,0,0,678509.900,226912.700
m1352,1319,4,416.900,0,922,678371.900,226937.400
m1349,1396,4,428.300,0,1550,679718.400,227724.200
m1345,480,2,453.600,0,202,681970.100,225018.400
m1086,536,2,438.600,0,218,682110.900,228015.700
m1080,577,2,437.700,0,384,682217.100,227215.700
m1078,568,2,439.200,0,224,682225.600,227350.900
m1075,614,2,442.400,0,0,682345.900,227796.900
m1073,602,2,442.300,0,0,682338.100,227812.200
m814,82,7,419.300,0,24,676575.600,225284.700
m812,68,7,419.900,0,657,676525.400,225285.700
m808,619,2,442.500,0,290,682355.600,227815.900
m805,705,2,452.400,0,93,683039.600,227839.700
m803,620,2,453.300,0,0,683097.600,227830.700
m800,1098,8,457.200,0,16,671869.400,227871.900
m541,1345,4,418.500,0,0,678999.900,227239.400
m539,1332,4,426.100,0,589,678787.900,227681.400
m536,1284,3,446.600,0,109,676191.100,223655.200
m532,32,5,463.100,0,32,674887.600,225739.700
m530,31,5,464.100,0,53,674870.100,225788.200
m269,1224,3,429.000,0,1031,675391.600,222252.400
m267,1217,3,429.700,0,442,675314.400,222111.700
m264,1242,3,430.400,0,0,675560.100,222608.400
m262,1213,3,430.000,0,3500,675364.100,222632.400
m259,1635,1,460.800,0,0,675530.900,225934.200
m257,1634,1,464.700,0,0,675333.900,225232.700
