UID,FROMUID,TOUID,NETWID,D,Dout,Q,K,PressureLevel,Vmax,u,Zeta,Sound,Length,ff,Type
p30202,m955,m1692,3,0.102,0,0,1157.462,0,2,1,0,1000,75,0.068,existing
p30205,m957,m1692,3,0.102,0,0,869.184,0,2,1,0,1000,133,0.068,existing
p25579,m390,m665,7,0.184,0,0,5589.848,0,2,1,0,1000,74,0.056,existing
p25576,m388,m665,7,0.184,0,0,5068.677,0,2,1,0,1000,90,0.056,existing
p5182,m2620,m4691,2,0.102,0,0,1670.653,0,2,1,0,1000,36,0.068,existing
p5178,m476,m5180,2,0.051,0,0,151.517,0,2,1,0,1000,112,0.086,existing
p5175,m1112,m2058,4,0.131,0,0,1781.755,0,2,1,0,1000,118,0.063,existing
p5172,m578,m1297,2,0.131,0,0,1888.836,0,2,1,0,1000,105,0.063,existing
p5169,m2388,m4691,2,0.102,0,0,3169.841,0,2,1,0,1000,10,0.068,existing
p4909,m1407,m1548,2,0.131,0,0,4126.460,0,2,1,0,1000,22,0.063,existing
p4906,m917,m3232,2,0.164,0,0,3208.730,0,2,1,0,1000,120,0.059,existing
p4903,m1636,m190,4,0.131,0,0,1697.530,0,2,1,0,1000,130,0.063,existing
p4899,m4205,m4901,1,0.131,0,0,1152.562,0,2,1,0,1000,282,0.063,existing
p4896,m803,m3801,2,0.164,0,0,10146.896,0,2,1,0,1000,12,0.059,existing
p4639,m2197,m2657,7,0.164,0,0,2823.306,0,2,1,0,1000,155,0.059,existing
p4635,m4636,m1891,2,0.074,0,0,403.785,0,2,1,0,1000,107,0.076,existing
p4627,m4628,m1268,13,0.102,0,0,659.525,0,2,1,0,1000,231,0.068,existing
p4624,m3216,m2137,2,0.131,0,0,1697.530,0,2,1,0,1000,130,0.063,existing
p4367,m742,m3178,2,0.074,0,0,534.783,0,2,1,0,1000,61,0.076,existing
p4364,m2268,m1968,2,0.051,0,0,400.876,0,2,1,0,1000,16,0.086,existing
p4361,m4001,m812,7,0.164,0,0,3366.748,0,2,1,0,1000,109,0.059,existing
p4357,m4358,m2323,4,0.184,0,0,3205.713,0,2,1,0,1000,225,0.056,existing
p4353,m4354,m614,2,0.102,0,0,794.948,0,2,1,0,1000,159,0.068,existing
p4094,m1051,m4096,2,0.051,0,0,183.935,0,2,1,0,1000,76,0.086,existing
p4091,m1136,m412,13,0.184,0,0,3053.445,0,2,1,0,1000,248,0.056,existing
p4088,m3121,m167,2,0.102,0,0,1316.205,0,2,1,0,1000,58,0.068,existing
p4084,m4085,m1245,13,0.102,0,0,738.973,0,2,1,0,1000,184,0.068,existing
p4080,m967,m4082,7,0.074,0,0,282.241,0,2,1,0,1000,219,0.076,existing
p3823,m1826,m3825,13,0.131,0,0,1239.065,0,2,1,0,1000,244,0.063,existing
p3818,m3819,m3821,2,0.051,0,0,303.034,0,2,1,0,1000,28,0.086,existing
p3815,m3065,m3067,2,0.074,0,0,301.434,0,2,1,0,1000,192,0.076,existing
p3811,m1417,m3813,2,0.131,0,0,1182.283,0,2,1,0,1000,268,0.063,existing
p3549,m219,m2697,2,0.102,0,0,1528.633,0,2,1,0,1000,43,0.068,existing
p3546,m2579,m1767,3,0.074,0,0,668.821,0,2,1,0,1000,39,0.076,existing
p3542,m3543,m2248,3,0.131,0,0,1267.976,0,2,1,0,1000,233,0.063,existing
p3539,m1345,m2734,2,0.200,0,0,4527.155,0,2,1,0,1000,176,0.055,existing
p3536,m1924,m2863,2,0.131,0,0,3657.716,0,2,1,0,1000,28,0.063,existing
p3278,m3279,m3281,1,0.324,0,0,6038.982,0,2,1,0,1000,1294,0.047,existing
p3274,m3275,m402,8,0.102,0,0,389.003,0,2,1,0,1000,664,0.068,existing
p3271,m2053,m814,7,0.131,0,0,1985.762,0,2,1,0,1000,95,0.063,existing
p3267,m2174,m3269,10,0.164,0,0,5360.306,0,2,1,0,1000,43,0.059,existing
p3005,m1473,m3007,2,0.131,0,0,1691.038,0,2,1,0,1000,131,0.063,existing
p3002,m1614,m1359,4,0.131,0,0,1975.392,0,2,1,0,1000,96,0.063,existing
p2997,m2998,m3000,7,0.131,0,0,4143.307,0,2,1,0,1000,22,0.063,existing
p2993,m689,m2995,3,0.102,0,0,693.369,0,2,1,0,1000,209,0.068,existing
p2733,m2734,m2372,2,0.200,0,0,6036.206,0,2,1,0,1000,99,0.055,existing
p2729,m2730,m580,2,0.102,0,0,1012.568,0,2,1,0,1000,98,0.068,existing
p2726,m1619,m996,2,0.150,0,0,5091.563,0,2,1,0,1000,30,0.060,existing
p2723,m2680,m464,2,0.074,0,0,629.675,0,2,1,0,1000,44,0.076,existing
p2720,m452,m2259,2,0.131,0,0,3139.765,0,2,1,0,1000,38,0.063,existing
p2463,m170,m2465,2,0.184,0,0,2499.856,0,2,1,0,1000,370,0.056,existing
p2459,m2460,m1758,7,0.051,0,0,233.895,0,2,1,0,1000,47,0.086,existing
p2455,m852,m2457,2,0.102,0,0,885.997,0,2,1,0,1000,128,0.068,existing
p2452,m1044,m1446,13,0.102,0,0,588.625,0,2,1,0,1000,290,0.068,existing
p2449,m1981,m1751,2,0.131,0,0,2330.046,0,2,1,0,1000,69,0.063,existing
p2190,m162,m2192,2,0.041,0,0,173.231,0,2,1,0,1000,25,0.093,existing
p2185,m2186,m2188,8,0.051,0,0,191.655,0,2,1,0,1000,70,0.086,existing
p2181,m2182,m634,2,0.225,0,0,15823.645,0,2,1,0,1000,27,0.053,existing
p2177,m2178,m407,2,0.102,0,0,449.182,0,2,1,0,1000,498,0.068,existing
p1916,m1917,m989,2,0.131,0,0,6120.530,0,2,1,0,1000,10,0.063,existing
p1911,m1912,m1914,1,0.102,0,0,1584.920,0,2,1,0,1000,40,0.068,existing
p1907,m1908,m994,2,0.074,0,0,584.867,0,2,1,0,1000,51,0.076,existing
p1647,m199,m1649,2,0.250,0,0,11172.403,0,2,1,0,1000,95,0.051,existing
p1642,m1643,m1645,2,0.131,0,0,1812.744,0,2,1,0,1000,114,0.063,existing
p1638,m1639,m1558,2,0.102,0,0,1565.473,0,2,1,0,1000,41,0.068,existing
p1633,m1634,m1636,4,0.102,0,0,1283.431,0,2,1,0,1000,61,0.068,existing
p1375,m1376,m1378,2,0.102,0,0,1189.620,0,2,1,0,1000,71,0.068,existing
p1370,m1371,m1373,2,0.102,0,0,915.054,0,2,1,0,1000,120,0.068,existing
p1366,m1367,m888,4,0.102,0,0,987.686,0,2,1,0,1000,103,0.068,existing
p1361,m1362,m1364,3,0.164,0,0,1640.656,0,2,1,0,1000,459,0.059,existing
p1099,m1100,m325,2,0.074,0,0,461.249,0,2,1,0,1000,82,0.076,existing
p1094,m1095,m1097,8,0.051,0,0,187.676,0,2,1,0,1000,73,0.086,existing
p1089,m1090,m1092,2,0.131,0,0,4838.704,0,2,1,0,1000,16,0.063,existing
p827,m828,m830,2,0.102,0,0,1033.888,0,2,1,0,1000,94,0.068,existing
p823,m551,m825,7,0.184,0,0,9087.342,0,2,1,0,1000,28,0.056,existing
p820,m194,m393,2,0.074,0,0,615.834,0,2,1,0,1000,46,0.076,existing
p816,m487,m818,8,0.074,0,0,472.928,0,2,1,0,1000,78,0.076,existing
p558,m559,m561,1,0.300,0,0,5028.605,0,2,1,0,1000,1240,0.048,existing
p553,m554,m556,8,0.051,0,0,105.275,0,2,1,0,1000,232,0.086,existing
p548,m549,m551,7,0.131,0,0,2951.581,0,2,1,0,1000,43,0.063,existing
p286,m287,m282,6,0.164,0,0,3169.358,0,2,1,0,1000,123,0.059,existing
p276,m277,m279,2,0.074,0,0,738.359,0,2,1,0,1000,32,0.076,existing
p30215,m257,m2632,1,0.324,0,0,6573.847,0,2,1,0,1000,1092,0.047,existing
p30218,m2632,m3590,1,0.324,0,0,19508.328,0,2,1,0,1000,124,0.047,existing
p5196,m3240,m5198,2,0.102,0,0,585.603,0,2,1,0,1000,293,0.068,existing
p5193,m585,m4828,8,0.074,0,0,343.330,0,2,1,0,1000,148,0.076,existing
p5189,m5190,m459,7,0.164,0,0,4142.453,0,2,1,0,1000,72,0.059,existing
p5185,m2171,m5187,2,0.051,0,0,224.535,0,2,1,0,1000,51,0.086,existing
p4925,m2147,m649,3,0.074,0,0,306.257,0,2,1,0,1000,186,0.076,existing
p4922,m1785,m4754,5,0.184,0,0,8246.628,0,2,1,0,1000,34,0.056,existing
p4919,m2934,m2235,2,0.164,0,0,7174.939,0,2,1,0,1000,24,0.059,existing
p4916,m4773,m4329,2,0.229,0,0,12735.864,0,2,1,0,1000,46,0.052,existing
p4912,m2415,m4914,2,0.074,0,0,450.395,0,2,1,0,1000,86,0.076,existing
p4654,m4655,m530,5,0.051,0,0,297.763,0,2,1,0,1000,29,0.086,existing
p4650,m1031,m4652,4,0.051,0,0,198.890,0,2,1,0,1000,65,0.086,existing
p4646,m4647,m2178,2,0.102,0,0,2893.655,0,2,1,0,1000,12,0.068,existing
p4642,m1767,m4644,3,0.074,0,0,413.564,0,2,1,0,1000,102,0.076,existing
p4382,m1446,m4384,13,0.102,0,0,665.311,0,2,1,0,1000,227,0.068,existing
p4379,m4138,m706,2,0.131,0,0,1442.623,0,2,1,0,1000,180,0.063,existing
p4376,m3919,m1702,7,0.131,0,0,5835.696,0,2,1,0,1000,11,0.063,existing
p4373,m1173,m2063,2,0.184,0,0,5918.940,0,2,1,0,1000,66,0.056,existing
p4370,m240,m3381,2,0.200,0,0,5459.954,0,2,1,0,1000,121,0.055,existing
p4108,m2581,m4110,3,0.051,0,0,158.771,0,2,1,0,1000,102,0.086,existing
p4105,m2604,m120,2,0.125,0,0,1186.284,0,2,1,0,1000,209,0.064,existing
p4101,m955,m4103,3,0.102,0,0,1087.246,0,2,1,0,1000,85,0.068,existing
p4098,m1245,m1534,13,0.102,0,0,669.751,0,2,1,0,1000,224,0.068,existing
p3837,m779,m1310,2,0.200,0,0,7283.284,0,2,1,0,1000,68,0.055,existing
p3834,m1404,m3058,7,0.131,0,0,4035.758,0,2,1,0,1000,23,0.063,existing
p3831,m1282,m1649,2,0.250,0,0,10198.962,0,2,1,0,1000,114,0.051,existing
p3827,m3828,m2755,4,0.102,0,0,475.179,0,2,1,0,1000,445,0.068,existing
p3567,m2528,m3569,6,0.102,0,0,850.217,0,2,1,0,1000,139,0.068,existing
p3563,m1264,m3565,2,0.131,0,0,2710.216,0,2,1,0,1000,51,0.063,existing
p3560,m947,m291,2,0.102,0,0,997.417,0,2,1,0,1000,101,0.068,existing
p3557,m402,m2114,8,0.131,0,0,1130.720,0,2,1,0,1000,293,0.063,existing
p3552,m3553,m3555,2,0.102,0,0,969.049,0,2,1,0,1000,107,0.068,existing
p3294,m3295,m1280,2,0.200,0,0,8249.806,0,2,1,0,1000,53,0.055,existing
p3290,m3291,m1462,2,0.164,0,0,2753.151,0,2,1,0,1000,163,0.059,existing
p3287,m1261,m644,2,0.229,0,0,22302.918,0,2,1,0,1000,15,0.052,existing
p3283,m564,m3285,2,0.033,0,0,55.352,0,2,1,0,1000,74,0.100,existing
p3022,m2217,m1444,13,0.131,0,0,2205.686,0,2,1,0,1000,77,0.063,existing
p3019,m947,m520,2,0.074,0,0,269.611,0,2,1,0,1000,240,0.076,existing
p3016,m2786,m2182,2,0.164,0,0,4113.982,0,2,1,0,1000,73,0.059,existing
p3012,m2226,m3014,2,0.102,0,0,802.556,0,2,1,0,1000,156,0.068,existing
p3009,m436,m2441,6,0.074,0,0,933.958,0,2,1,0,1000,20,0.076,existing
p2749,m767,m1929,2,0.102,0,0,2241.416,0,2,1,0,1000,20,0.068,existing
p2744,m2745,m2747,4,0.102,0,0,1327.700,0,2,1,0,1000,57,0.068,existing
p2741,m2369,m1227,2,0.131,0,0,5587.254,0,2,1,0,1000,12,0.063,existing
p2737,m1060,m2739,2,0.250,0,0,31435.311,0,2,1,0,1000,12,0.051,existing
p2476,m97,m2478,2,0.184,0,0,8370.645,0,2,1,0,1000,33,0.056,existing
p2471,m2472,m2474,2,0.102,0,0,1198.087,0,2,1,0,1000,70,0.068,existing
p2467,m2091,m1075,2,0.184,0,0,9617.139,0,2,1,0,1000,25,0.056,existing
p2204,m2205,m2207,2,0.102,0,0,865.934,0,2,1,0,1000,134,0.068,existing
p2199,m2200,m2202,4,0.102,0,0,1189.620,0,2,1,0,1000,71,0.068,existing
p2194,m2195,m2197,7,0.164,0,0,3131.400,0,2,1,0,1000,126,0.059,existing
p1933,m1821,m1935,2,0.164,0,0,7174.939,0,2,1,0,1000,24,0.059,existing
p1928,m1929,m1931,2,0.041,0,0,127.708,0,2,1,0,1000,46,0.093,existing
p1923,m1924,m1926,2,0.074,0,0,403.785,0,2,1,0,1000,107,0.076,existing
p1920,m622,m165,2,0.131,0,0,1463.086,0,2,1,0,1000,175,0.063,existing
p1661,m1662,m380,3,0.102,0,0,652.501,0,2,1,0,1000,236,0.068,existing
p1656,m1657,m1659,2,0.041,0,0,113.732,0,2,1,0,1000,58,0.093,existing
p1651,m1652,m1654,5,0.184,0,0,6869.385,0,2,1,0,1000,49,0.056,existing
p1389,m1160,m1391,7,0.102,0,0,987.686,0,2,1,0,1000,103,0.068,existing
p1384,m1385,m1387,2,0.164,0,0,3414.058,0,2,1,0,1000,106,0.059,existing
p1380,m1381,m90,5,0.102,0,0,1626.094,0,2,1,0,1000,38,0.068,existing
p1116,m1117,m1119,4,0.074,0,0,391.192,0,2,1,0,1000,114,0.076,existing
p1111,m1112,m1114,4,0.055,0,0,185.034,0,2,1,0,1000,112,0.084,existing
p1107,m1108,m1063,7,0.205,0,0,12059.733,0,2,1,0,1000,28,0.054,existing
p844,m845,m847,3,0.164,0,0,3059.404,0,2,1,0,1000,132,0.059,existing
p841,m363,m155,2,0.131,0,0,931.209,0,2,1,0,1000,432,0.063,existing
p836,m837,m839,7,0.125,0,0,1143.327,0,2,1,0,1000,225,0.064,existing
p832,m476,m834,2,0.131,0,0,869.057,0,2,1,0,1000,496,0.063,existing
p572,m573,m575,2,0.102,0,0,1181.330,0,2,1,0,1000,72,0.068,existing
p568,m65,m570,1,0.164,0,0,1664.395,0,2,1,0,1000,446,0.059,existing
p563,m564,m566,2,0.131,0,0,1955.131,0,2,1,0,1000,98,0.063,existing
p300,m301,m303,2,0.102,0,0,1403.629,0,2,1,0,1000,51,0.068,existing
p295,m296,m298,9,0.164,0,0,2151.138,0,2,1,0,1000,267,0.059,existing
p290,m291,m293,2,0.131,0,0,2853.712,0,2,1,0,1000,46,0.063,existing
p30228,m1529,m2983,2,0.131,0,0,1080.280,0,2,1,0,1000,321,0.063,existing
p30231,m4192,m2983,2,0.131,0,0,1150.524,0,2,1,0,1000,283,0.063,existing
p5213,m4001,m2623,7,0.131,0,0,1789.353,0,2,1,0,1000,117,0.063,existing
p5210,m3477,m4601,4,0.131,0,0,1216.827,0,2,1,0,1000,253,0.063,existing
p5207,m1617,m3534,2,0.164,0,0,2454.974,0,2,1,0,1000,205,0.059,existing
p5203,m1385,m5205,2,0.074,0,0,539.221,0,2,1,0,1000,60,0.076,existing
p5200,m4060,m414,13,0.184,0,0,8370.645,0,2,1,0,1000,33,0.056,existing
p4941,m3067,m864,2,0.102,0,0,2588.164,0,2,1,0,1000,15,0.068,existing
p4938,m1373,m2012,2,0.164,0,0,4031.968,0,2,1,0,1000,76,0.059,existing
p4935,m3265,m1994,7,0.200,0,0,6592.386,0,2,1,0,1000,83,0.055,existing
p4931,m670,m4933,2,0.102,0,0,1431.988,0,2,1,0,1000,49,0.068,existing
p4928,m1018,m105,6,0.102,0,0,651.123,0,2,1,0,1000,237,0.068,existing
p4671,m1307,m4673,2,0.102,0,0,714.174,0,2,1,0,1000,197,0.068,existing
p4668,m2643,m3697,6,0.074,0,0,342.176,0,2,1,0,1000,149,0.076,existing
p4665,m1168,m438,6,0.131,0,0,1078.602,0,2,1,0,1000,322,0.063,existing
p4662,m2514,m2784,2,0.164,0,0,5489.489,0,2,1,0,1000,41,0.059,existing
p4658,m4659,m2430,7,0.131,0,0,1471.519,0,2,1,0,1000,173,0.063,existing
p4399,m839,m2765,7,0.074,0,0,602.868,0,2,1,0,1000,48,0.076,existing
p4395,m4396,m689,3,0.131,0,0,809.974,0,2,1,0,1000,571,0.063,existing
p4389,m2522,m3990,3,0.131,0,0,3319.323,0,2,1,0,1000,34,0.063,existing
p4386,m125,m1531,2,0.131,0,0,1907.087,0,2,1,0,1000,103,0.063,existing
p4127,m2800,m878,1,0.300,0,0,3972.459,0,2,1,0,1000,1987,0.048,existing
p4122,m4123,m4125,2,0.131,0,0,2658.588,0,2,1,0,1000,53,0.063,existing
p4119,m752,m3819,2,0.074,0,0,819.136,0,2,1,0,1000,26,0.076,existing
p4116,m147,m3860,9,0.229,0,0,3506.009,0,2,1,0,1000,607,0.052,existing
p4112,m4113,m2056,4,0.074,0,0,413.564,0,2,1,0,1000,102,0.076,existing
p3855,m2833,m3857,7,0.051,0,0,143.999,0,2,1,0,1000,124,0.086,existing
p3851,m3852,m3299,2,0.102,0,0,707.033,0,2,1,0,1000,201,0.068,existing
p3848,m421,m3195,13,0.164,0,0,1275.020,0,2,1,0,1000,760,0.059,existing
p3844,m3744,m3846,3,0.074,0,0,435.460,0,2,1,0,1000,92,0.076,existing
p3840,m3841,m3295,2,0.200,0,0,7283.284,0,2,1,0,1000,68,0.055,existing
p3581,m1604,m3583,17,0.102,0,0,1771.995,0,2,1,0,1000,32,0.068,existing
p3577,m3578,m578,2,0.074,0,0,453.036,0,2,1,0,1000,85,0.076,existing
p3574,m3395,m575,2,0.131,0,0,2853.712,0,2,1,0,1000,46,0.063,existing
p3571,m204,m1954,3,0.131,0,0,2737.184,0,2,1,0,1000,50,0.063,existing
p3310,m1464,m1417,2,0.131,0,0,872.582,0,2,1,0,1000,492,0.063,existing
p3306,m3307,m2481,17,0.205,0,0,3163.148,0,2,1,0,1000,407,0.054,existing
p3302,m3303,m945,2,0.074,0,0,548.439,0,2,1,0,1000,58,0.076,existing
p3298,m3299,m1845,2,0.102,0,0,712.369,0,2,1,0,1000,198,0.068,existing
p3039,m409,m3041,2,0.102,0,0,1120.708,0,2,1,0,1000,80,0.068,existing
p3034,m3035,m3037,2,0.102,0,0,672.761,0,2,1,0,1000,222,0.068,existing
p3031,m1056,m75,2,0.200,0,0,4501.649,0,2,1,0,1000,178,0.055,existing
p3028,m957,m247,3,0.074,0,0,958.221,0,2,1,0,1000,19,0.076,existing
p3025,m1333,m1981,2,0.131,0,0,2205.686,0,2,1,0,1000,77,0.063,existing
p2767,m1954,m2758,3,0.131,0,0,540.984,0,2,1,0,1000,1280,0.063,existing
p2762,m2763,m2765,7,0.074,0,0,288.226,0,2,1,0,1000,210,0.076,existing
p2757,m2758,m2760,3,0.164,0,0,2473.137,0,2,1,0,1000,202,0.059,existing
p2752,m2753,m2755,4,0.131,0,0,1759.529,0,2,1,0,1000,121,0.063,existing
p2494,m87,m2496,5,0.131,0,0,2330.046,0,2,1,0,1000,69,0.063,existing
p2489,m2490,m2492,2,0.164,0,0,4970.943,0,2,1,0,1000,50,0.059,existing
p2485,m1451,m2487,1,0.324,0,0,8620.730,0,2,1,0,1000,635,0.047,existing
p2480,m2481,m2483,17,0.205,0,0,8039.822,0,2,1,0,1000,63,0.054,existing
p2221,m1999,m2223,2,0.131,0,0,2609.803,0,2,1,0,1000,55,0.063,existing
p2216,m2217,m2219,13,0.102,0,0,672.761,0,2,1,0,1000,222,0.068,existing
p2213,m706,m850,2,0.125,0,0,1723.630,0,2,1,0,1000,99,0.064,existing
p2209,m1220,m2211,2,0.229,0,0,8162.032,0,2,1,0,1000,112,0.052,existing
p1949,m1950,m1412,2,0.150,0,0,3381.873,0,2,1,0,1000,68,0.060,existing
p1945,m1376,m1947,2,0.131,0,0,1097.511,0,2,1,0,1000,311,0.063,existing
p1941,m1065,m1943,7,0.184,0,0,6668.286,0,2,1,0,1000,52,0.056,existing
p1937,m1938,m1305,2,0.131,0,0,1601.816,0,2,1,0,1000,146,0.063,existing
p1677,m975,m1679,9,0.131,0,0,1781.755,0,2,1,0,1000,118,0.063,existing
p1672,m1673,m1675,13,0.051,0,0,308.594,0,2,1,0,1000,27,0.086,existing
p1669,m942,m373,4,0.102,0,0,580.670,0,2,1,0,1000,298,0.068,existing
p1665,m1233,m1667,7,0.125,0,0,1237.688,0,2,1,0,1000,192,0.064,existing
p1406,m1407,m1409,2,0.102,0,0,738.973,0,2,1,0,1000,184,0.068,existing
p1401,m1402,m1404,7,0.131,0,0,1046.588,0,2,1,0,1000,342,0.063,existing
p1396,m1397,m1399,7,0.051,0,0,283.462,0,2,1,0,1000,32,0.086,existing
p1393,m298,m147,9,0.164,0,0,1488.013,0,2,1,0,1000,558,0.059,existing
p1135,m1136,m1138,13,0.164,0,0,5021.411,0,2,1,0,1000,49,0.059,existing
p1130,m1131,m1133,7,0.051,0,0,205.308,0,2,1,0,1000,61,0.086,existing
p1125,m1126,m1128,2,0.131,0,0,1607.330,0,2,1,0,1000,145,0.063,existing
p1121,m383,m1123,2,0.131,0,0,5835.696,0,2,1,0,1000,11,0.063,existing
p863,m864,m866,2,0.102,0,0,1477.946,0,2,1,0,1000,46,0.068,existing
p858,m859,m861,8,0.131,0,0,2951.581,0,2,1,0,1000,43,0.063,existing
p854,m397,m856,3,0.074,0,0,192.866,0,2,1,0,1000,469,0.076,existing
p849,m850,m852,2,0.131,0,0,1434.674,0,2,1,0,1000,182,0.063,existing
p587,m588,m590,1,0.324,0,0,17448.779,0,2,1,0,1000,155,0.047,existing
p582,m583,m585,8,0.079,0,0,318.678,0,2,1,0,1000,254,0.075,existing
p577,m578,m580,2,0.131,0,0,2793.627,0,2,1,0,1000,48,0.063,existing
p319,m320,m322,2,0.200,0,0,11558.455,0,2,1,0,1000,27,0.055,existing
p315,m316,m306,5,0.102,0,0,636.519,0,2,1,0,1000,248,0.068,existing
p305,m306,m308,5,0.184,0,0,3047.307,0,2,1,0,1000,249,0.056,existing
p310,m311,m313,12,0.229,0,0,15770.545,0,2,1,0,1000,30,0.052,existing
p5229,m3220,m3275,8,0.102,0,0,896.566,0,2,1,0,1000,125,0.068,existing
p5226,m2302,m296,9,0.131,0,0,1493.256,0,2,1,0,1000,168,0.063,existing
p5223,m3071,m4597,2,0.164,0,0,3480.357,0,2,1,0,1000,102,0.059,existing
p5220,m1589,m1987,4,0.164,0,0,3235.809,0,2,1,0,1000,118,0.059,existing
p5216,m1546,m5218,2,0.051,0,0,173.924,0,2,1,0,1000,85,0.086,existing
p4958,m3216,m2226,2,0.164,0,0,3835.166,0,2,1,0,1000,84,0.059,existing
p4954,m221,m4956,2,0.074,0,0,660.408,0,2,1,0,1000,40,0.076,existing
p4951,m800,m3220,8,0.102,0,0,1494.277,0,2,1,0,1000,45,0.068,existing
p4947,m4948,m4485,2,0.051,0,0,191.655,0,2,1,0,1000,70,0.086,existing
p4944,m2598,m4593,2,0.100,0,0,1672.091,0,2,1,0,1000,32,0.069,existing
p4686,m4431,m4688,2,0.131,0,0,2633.857,0,2,1,0,1000,54,0.063,existing
p4682,m3481,m4684,4,0.102,0,0,1462.138,0,2,1,0,1000,47,0.068,existing
p4679,m847,m3543,3,0.164,0,0,2241.074,0,2,1,0,1000,246,0.059,existing
p4675,m3201,m4677,2,0.102,0,0,1584.920,0,2,1,0,1000,40,0.068,existing
p4415,m1075,m2093,2,0.164,0,0,4921.967,0,2,1,0,1000,51,0.059,existing
p4412,m3805,m1086,2,0.164,0,0,4393.735,0,2,1,0,1000,64,0.059,existing
p4409,m1191,m2320,15,0.164,0,0,1328.541,0,2,1,0,1000,700,0.059,existing
p4405,m653,m4407,4,0.131,0,0,2737.184,0,2,1,0,1000,50,0.063,existing
p4402,m2611,m1376,2,0.131,0,0,1497.720,0,2,1,0,1000,167,0.063,existing
p4143,m805,m4145,2,0.041,0,0,153.116,0,2,1,0,1000,32,0.093,existing
p4140,m3805,m3553,2,0.131,0,0,1965.184,0,2,1,0,1000,97,0.063,existing
p4136,m211,m4138,2,0.102,0,0,2362.660,0,2,1,0,1000,18,0.068,existing
p4133,m360,m1119,4,0.102,0,0,821.191,0,2,1,0,1000,149,0.068,existing
p4130,m1063,m936,7,0.164,0,0,3182.320,0,2,1,0,1000,122,0.059,existing
p3870,m866,m3872,2,0.074,0,0,472.928,0,2,1,0,1000,78,0.076,existing
p3867,m1811,m1912,1,0.131,0,0,1121.194,0,2,1,0,1000,298,0.063,existing
p3863,m755,m3865,2,0.074,0,0,534.783,0,2,1,0,1000,61,0.076,existing
p3859,m3860,m368,9,0.184,0,0,1816.172,0,2,1,0,1000,701,0.056,existing
p3599,m2800,m3601,1,0.150,0,0,1943.024,0,2,1,0,1000,206,0.060,existing
p3596,m1049,m2680,2,0.102,0,0,574.911,0,2,1,0,1000,304,0.068,existing
p3592,m3101,m3594,9,0.131,0,0,2382.413,0,2,1,0,1000,66,0.063,existing
p3588,m559,m3590,1,0.324,0,0,27154.443,0,2,1,0,1000,64,0.047,existing
p3585,m482,m2101,5,0.074,0,0,539.221,0,2,1,0,1000,60,0.076,existing
p3326,m732,m814,7,0.164,0,0,4231.548,0,2,1,0,1000,69,0.059,existing
p3322,m3323,m1649,2,0.250,0,0,34435.657,0,2,1,0,1000,10,0.051,existing
p3318,m1659,m3320,2,0.102,0,0,1050.792,0,2,1,0,1000,91,0.068,existing
p3313,m3314,m3316,13,0.074,0,0,269.051,0,2,1,0,1000,241,0.076,existing
p3054,m2207,m598,2,0.131,0,0,1031.615,0,2,1,0,1000,352,0.063,existing
p3050,m3051,m789,2,0.131,0,0,1618.531,0,2,1,0,1000,143,0.063,existing
p3046,m3047,m1264,2,0.205,0,0,9620.339,0,2,1,0,1000,44,0.054,existing
p3043,m320,m1584,2,0.200,0,0,7689.830,0,2,1,0,1000,61,0.055,existing
p2783,m2784,m2786,2,0.175,0,0,8249.921,0,2,1,0,1000,26,0.057,existing
p2779,m1684,m2781,2,0.102,0,0,869.184,0,2,1,0,1000,133,0.068,existing
p2774,m2775,m2777,4,0.102,0,0,535.037,0,2,1,0,1000,351,0.068,existing
p2770,m2771,m736,2,0.131,0,0,5835.696,0,2,1,0,1000,11,0.063,existing
p2507,m2508,m2510,7,0.102,0,0,2505.979,0,2,1,0,1000,16,0.068,existing
p2502,m2503,m2505,2,0.125,0,0,2898.863,0,2,1,0,1000,35,0.064,existing
p2498,m1497,m2500,1,0.273,0,0,6505.736,0,2,1,0,1000,448,0.049,existing
p2239,m2240,m2242,13,0.184,0,0,14498.382,0,2,1,0,1000,11,0.056,existing
p2234,m2235,m2237,2,0.200,0,0,16051.575,0,2,1,0,1000,14,0.055,existing
p2230,m765,m2232,2,0.051,0,0,263.614,0,2,1,0,1000,37,0.086,existing
p2225,m2226,m2228,2,0.131,0,0,1515.986,0,2,1,0,1000,163,0.063,existing
p1967,m1968,m441,2,0.164,0,0,1903.473,0,2,1,0,1000,341,0.059,existing
p1962,m1963,m1965,19,0.102,0,0,633.968,0,2,1,0,1000,250,0.068,existing
p1957,m1958,m1960,13,0.102,0,0,865.934,0,2,1,0,1000,134,0.068,existing
p1953,m1954,m955,3,0.131,0,0,649.871,0,2,1,0,1000,887,0.063,existing
p1691,m1692,m1694,3,0.074,0,0,1158.433,0,2,1,0,1000,13,0.076,existing
p1686,m1687,m1689,1,0.324,0,0,19830.801,0,2,1,0,1000,120,0.047,existing
p1681,m1682,m1684,2,0.102,0,0,1390.067,0,2,1,0,1000,52,0.068,existing
p1421,m1422,m1424,13,0.102,0,0,813.047,0,2,1,0,1000,152,0.068,existing
p1416,m1417,m1419,2,0.131,0,0,1590.956,0,2,1,0,1000,148,0.063,existing
p1411,m1412,m1414,2,0.131,0,0,3099.251,0,2,1,0,1000,39,0.063,existing
p1149,m1150,m1152,2,0.131,0,0,1080.280,0,2,1,0,1000,321,0.063,existing
p1144,m1145,m1147,2,0.205,0,0,7418.239,0,2,1,0,1000,74,0.054,existing
p1140,m461,m1142,7,0.131,0,0,1284.624,0,2,1,0,1000,227,0.063,existing
p877,m878,m880,1,0.300,0,0,4994.485,0,2,1,0,1000,1257,0.048,existing
p872,m873,m875,2,0.102,0,0,1294.082,0,2,1,0,1000,60,0.068,existing
p868,m447,m870,2,0.051,0,0,203.645,0,2,1,0,1000,62,0.086,existing
p606,m607,m609,12,0.229,0,0,1896.719,0,2,1,0,1000,2074,0.052,existing
p601,m602,m604,7,0.102,0,0,525.396,0,2,1,0,1000,364,0.068,existing
p597,m598,m301,2,0.102,0,0,951.428,0,2,1,0,1000,111,0.068,existing
p592,m593,m595,4,0.102,0,0,637.806,0,2,1,0,1000,247,0.068,existing
p333,m334,m336,2,0.150,0,0,5469.216,0,2,1,0,1000,26,0.060,existing
p329,m82,m331,4,0.131,0,0,1534.937,0,2,1,0,1000,159,0.063,existing
p324,m325,m327,2,0.131,0,0,3225.802,0,2,1,0,1000,36,0.063,existing
p59,m60,m62,2,0.250,0,0,8663.230,0,2,1,0,1000,158,0.051,existing
p54,m55,m57,1,0.324,0,0,13395.317,0,2,1,0,1000,263,0.047,existing
p49,m50,m52,1,0.102,0,0,441.278,0,2,1,0,1000,516,0.068,existing
p5247,m2987,m1349,4,0.131,0,0,898.525,0,2,1,0,1000,464,0.063,existing
p5243,m226,m5245,7,0.102,0,0,1339.502,0,2,1,0,1000,56,0.068,existing
p5239,m4891,m5241,14,0.074,0,0,526.226,0,2,1,0,1000,63,0.076,existing
p5236,m922,m2478,2,0.184,0,0,3011.243,0,2,1,0,1000,255,0.056,existing
p5232,m5233,m1814,2,0.051,0,0,181.561,0,2,1,0,1000,78,0.086,existing
p4973,m4974,m2066,9,0.051,0,0,169.971,0,2,1,0,1000,89,0.086,existing
p4970,m564,m3183,2,0.131,0,0,2111.783,0,2,1,0,1000,84,0.063,existing
p4967,m2665,m3041,2,0.102,0,0,1198.087,0,2,1,0,1000,70,0.068,existing
p4964,m190,m942,4,0.131,0,0,1985.762,0,2,1,0,1000,95,0.063,existing
p4961,m3926,m864,2,0.102,0,0,1050.792,0,2,1,0,1000,91,0.068,existing
p4701,m2465,m4560,2,0.229,0,0,2610.359,0,2,1,0,1000,1095,0.052,existing
p4697,m641,m4699,7,0.205,0,0,19240.677,0,2,1,0,1000,11,0.054,existing
p4694,m3928,m3047,2,0.074,0,0,492.239,0,2,1,0,1000,72,0.076,existing
p4690,m4691,m3299,2,0.074,0,0,271.312,0,2,1,0,1000,237,0.076,existing
p4429,m2865,m4431,2,0.125,0,0,2401.467,0,2,1,0,1000,51,0.064,existing
p4425,m4426,m1168,6,0.074,0,0,266.845,0,2,1,0,1000,245,0.076,existing
p4422,m1196,m639,7,0.184,0,0,4784.705,0,2,1,0,1000,101,0.056,existing
p4418,m554,m4420,8,0.074,0,0,378.149,0,2,1,0,1000,122,0.076,existing
p4157,m4158,m684,9,0.131,0,0,1647.591,0,2,1,0,1000,138,0.063,existing
p4153,m2346,m4155,3,0.074,0,0,269.611,0,2,1,0,1000,240,0.076,existing
p4150,m4055,m1086,2,0.074,0,0,278.453,0,2,1,0,1000,225,0.076,existing
p4147,m1564,m3431,1,0.164,0,0,3625.433,0,2,1,0,1000,94,0.059,existing
p3885,m3886,m152,10,0.051,0,0,233.895,0,2,1,0,1000,47,0.086,existing
p3881,m850,m3883,2,0.125,0,0,1234.477,0,2,1,0,1000,193,0.064,existing
p3878,m945,m1371,2,0.102,0,0,896.566,0,2,1,0,1000,125,0.068,existing
p3874,m180,m3876,3,0.074,0,0,217.141,0,2,1,0,1000,370,0.076,existing
p3613,m3197,m3615,13,0.074,0,0,686.660,0,2,1,0,1000,37,0.076,existing
p3609,m1610,m3611,7,0.074,0,0,563.198,0,2,1,0,1000,55,0.076,existing
p3606,m1112,m1367,4,0.102,0,0,1189.620,0,2,1,0,1000,71,0.068,existing
p3603,m2083,m185,11,0.164,0,0,3705.122,0,2,1,0,1000,90,0.059,existing
p3343,m2063,m755,2,0.184,0,0,5628.005,0,2,1,0,1000,73,0.056,existing
p3339,m2096,m3341,1,0.147,0,0,1987.830,0,2,1,0,1000,178,0.061,existing
p3336,m2197,m1863,7,0.074,0,0,417.679,0,2,1,0,1000,100,0.076,existing
p3332,m3211,m3334,7,0.074,0,0,660.408,0,2,1,0,1000,40,0.076,existing
p3329,m2775,m2200,4,0.131,0,0,5587.254,0,2,1,0,1000,12,0.063,existing
p3069,m3035,m3071,2,0.102,0,0,668.261,0,2,1,0,1000,225,0.068,existing
p3064,m3065,m3067,2,0.102,0,0,1477.946,0,2,1,0,1000,46,0.068,existing
p3061,m585,m2114,8,0.074,0,0,249.166,0,2,1,0,1000,281,0.076,existing
p3057,m3058,m1326,7,0.131,0,0,4997.392,0,2,1,0,1000,15,0.063,existing
p2798,m561,m2800,1,0.300,0,0,4092.658,0,2,1,0,1000,1872,0.048,existing
p2794,m1367,m2796,4,0.051,0,0,141.181,0,2,1,0,1000,129,0.086,existing
p2791,m2734,m322,2,0.200,0,0,4380.289,0,2,1,0,1000,188,0.055,existing
p2788,m2156,m259,1,0.168,0,0,3664.664,0,2,1,0,1000,107,0.058,existing
p2526,m438,m2528,6,0.131,0,0,965.330,0,2,1,0,1000,402,0.063,existing
p2521,m2522,m2524,3,0.074,0,0,415.606,0,2,1,0,1000,101,0.076,existing
p2516,m2517,m2519,3,0.074,0,0,750.173,0,2,1,0,1000,31,0.076,existing
p2512,m2369,m2514,2,0.131,0,0,2563.608,0,2,1,0,1000,57,0.063,existing
p2251,m2252,m2254,2,0.074,0,0,330.204,0,2,1,0,1000,160,0.076,existing
p2247,m2248,m1362,3,0.131,0,0,1635.780,0,2,1,0,1000,140,0.063,existing
p2244,m905,m962,2,0.131,0,0,1434.674,0,2,1,0,1000,182,0.063,existing
p1980,m1981,m1983,2,0.102,0,0,2299.644,0,2,1,0,1000,19,0.068,existing
p1976,m1710,m1978,4,0.131,0,0,1393.190,0,2,1,0,1000,193,0.063,existing
p1971,m1972,m1974,8,0.131,0,0,2137.382,0,2,1,0,1000,82,0.063,existing
p1708,m1459,m1710,4,0.131,0,0,3533.689,0,2,1,0,1000,30,0.063,existing
p1704,m95,m1706,2,0.250,0,0,10430.260,0,2,1,0,1000,109,0.051,existing
p1700,m967,m1702,7,0.131,0,0,1672.001,0,2,1,0,1000,134,0.063,existing
p1696,m1697,m92,5,0.102,0,0,1546.724,0,2,1,0,1000,42,0.068,existing
p1439,m1160,m1441,7,0.051,0,0,210.550,0,2,1,0,1000,58,0.086,existing
p1435,m175,m1437,9,0.131,0,0,964.132,0,2,1,0,1000,403,0.063,existing
p1430,m1431,m1433,2,0.102,0,0,1327.700,0,2,1,0,1000,57,0.068,existing
p1426,m1427,m525,2,0.074,0,0,495.694,0,2,1,0,1000,71,0.076,existing
p1167,m1168,m1170,6,0.074,0,0,394.669,0,2,1,0,1000,112,0.076,existing
p1162,m1163,m1165,4,0.205,0,0,10944.029,0,2,1,0,1000,34,0.054,existing
p1158,m512,m1160,7,0.102,0,0,805.140,0,2,1,0,1000,155,0.068,existing
p1154,m456,m1156,12,0.184,0,0,4250.215,0,2,1,0,1000,128,0.056,existing
p892,m893,m895,4,0.074,0,0,381.287,0,2,1,0,1000,120,0.076,existing
p887,m888,m890,4,0.102,0,0,1294.082,0,2,1,0,1000,60,0.068,existing
p882,m883,m885,2,0.131,0,0,1871.101,0,2,1,0,1000,107,0.063,existing
p619,m620,m622,2,0.131,0,0,1738.114,0,2,1,0,1000,124,0.063,existing
p616,m325,m469,2,0.131,0,0,2498.696,0,2,1,0,1000,60,0.063,existing
p611,m612,m614,2,0.131,0,0,1820.748,0,2,1,0,1000,113,0.063,existing
p348,m349,m351,2,0.074,0,0,400.064,0,2,1,0,1000,109,0.076,existing
p343,m344,m346,2,0.131,0,0,3369.241,0,2,1,0,1000,33,0.063,existing
p338,m339,m341,7,0.125,0,0,2678.365,0,2,1,0,1000,41,0.064,existing
p79,m80,m82,4,0.074,0,0,522.099,0,2,1,0,1000,64,0.076,existing
p74,m75,m77,2,0.184,0,0,12415.673,0,2,1,0,1000,15,0.056,existing
p69,m70,m72,3,0.164,0,0,11115.367,0,2,1,0,1000,10,0.059,existing
p64,m65,m67,1,0.324,0,0,10525.096,0,2,1,0,1000,426,0.047,existing
p5261,m2669,m1879,2,0.100,0,0,2730.514,0,2,1,0,1000,12,0.069,existing
p5257,m1793,m5259,7,0.051,0,0,256.766,0,2,1,0,1000,39,0.086,existing
p5254,m1165,m4358,4,0.205,0,0,8104.400,0,2,1,0,1000,62,0.054,existing
p5250,m3107,m5252,2,0.074,0,0,381.287,0,2,1,0,1000,120,0.076,existing
p4990,m4991,m2490,2,0.074,0,0,271.312,0,2,1,0,1000,237,0.076,existing
p4987,m1259,m4123,2,0.131,0,0,1442.623,0,2,1,0,1000,180,0.063,existing
p4983,m4984,m4647,2,0.051,0,0,191.655,0,2,1,0,1000,70,0.086,existing
p4980,m2995,m2581,3,0.074,0,0,622.639,0,2,1,0,1000,45,0.076,existing
p4977,m1493,m677,7,0.184,0,0,8246.628,0,2,1,0,1000,34,0.056,existing
p4718,m2870,m4622,7,0.131,0,0,2823.190,0,2,1,0,1000,47,0.063,existing
p4714,m2625,m4716,7,0.131,0,0,1031.615,0,2,1,0,1000,352,0.063,existing
p4711,m1560,m970,2,0.102,0,0,1339.502,0,2,1,0,1000,56,0.068,existing
p4708,m1531,m277,2,0.164,0,0,1937.875,0,2,1,0,1000,329,0.059,existing
p4704,m344,m4706,2,0.051,0,0,182.736,0,2,1,0,1000,77,0.086,existing
p4447,m3376,m2205,2,0.131,0,0,2163.934,0,2,1,0,1000,80,0.063,existing
p4444,m274,m175,9,0.131,0,0,957.034,0,2,1,0,1000,409,0.063,existing
p4441,m4435,m1126,2,0.164,0,0,3858.200,0,2,1,0,1000,83,0.059,existing
p4437,m1604,m4439,17,0.074,0,0,539.221,0,2,1,0,1000,60,0.076,existing
p4175,m3742,m1201,3,0.102,0,0,757.737,0,2,1,0,1000,175,0.068,existing
p4172,m1943,m3758,7,0.200,0,0,5700.595,0,2,1,0,1000,111,0.055,existing
p4164,m4165,m3279,1,0.102,0,0,818.449,0,2,1,0,1000,150,0.068,existing
p4161,m2374,m1780,2,0.164,0,0,2454.974,0,2,1,0,1000,205,0.059,existing
p3902,m3468,m287,6,0.176,0,0,2008.376,0,2,1,0,1000,455,0.057,existing
p3899,m3037,m2257,2,0.110,0,0,934.448,0,2,1,0,1000,172,0.067,existing
p3896,m1168,m1021,6,0.131,0,0,2986.513,0,2,1,0,1000,42,0.063,existing
p3892,m370,m3894,9,0.184,0,0,6260.224,0,2,1,0,1000,59,0.056,existing
p3889,m3841,m1427,2,0.074,0,0,543.772,0,2,1,0,1000,59,0.076,existing
p3631,m3632,m3634,2,0.131,0,0,1480.100,0,2,1,0,1000,171,0.063,existing
p3628,m2647,m2296,7,0.131,0,0,1879.906,0,2,1,0,1000,106,0.063,existing
p3624,m3625,m50,1,0.168,0,0,3377.075,0,2,1,0,1000,126,0.058,existing
p3620,m834,m3622,2,0.041,0,0,116.792,0,2,1,0,1000,55,0.093,existing
p3617,m2906,m2335,13,0.164,0,0,2155.177,0,2,1,0,1000,266,0.059,existing
p3358,m720,m2288,8,0.131,0,0,2347.116,0,2,1,0,1000,68,0.063,existing
p3355,m1645,m3051,2,0.200,0,0,3433.373,0,2,1,0,1000,306,0.055,existing
p3351,m3352,m2083,11,0.184,0,0,2220.391,0,2,1,0,1000,469,0.056,existing
p3087,m2048,m2024,7,0.164,0,0,2201.171,0,2,1,0,1000,255,0.059,existing
p3082,m3083,m3085,2,0.102,0,0,1033.888,0,2,1,0,1000,94,0.068,existing
p3079,m1431,m917,2,0.102,0,0,1068.553,0,2,1,0,1000,88,0.068,existing
p3076,m875,m885,2,0.200,0,0,15507.295,0,2,1,0,1000,15,0.055,existing
p3073,m378,m2346,3,0.074,0,0,262.075,0,2,1,0,1000,254,0.076,existing
p2813,m2814,m2816,16,0.147,0,0,1189.627,0,2,1,0,1000,497,0.061,existing
p2810,m1978,m595,4,0.131,0,0,1048.122,0,2,1,0,1000,341,0.063,existing
p2806,m1419,m2808,2,0.102,0,0,879.156,0,2,1,0,1000,130,0.068,existing
p2802,m2803,m1830,7,0.205,0,0,20179.793,0,2,1,0,1000,10,0.054,existing
p2541,m1073,m808,2,0.131,0,0,4561.973,0,2,1,0,1000,18,0.063,existing
p2537,m1767,m2539,3,0.074,0,0,539.221,0,2,1,0,1000,60,0.076,existing
p2534,m1896,m1981,2,0.100,0,0,991.549,0,2,1,0,1000,91,0.069,existing
p2530,m2531,m620,2,0.150,0,0,5945.664,0,2,1,0,1000,22,0.060,existing
p2270,m1589,m1990,4,0.164,0,0,2002.850,0,2,1,0,1000,308,0.059,existing
p2265,m2266,m2268,2,0.074,0,0,335.488,0,2,1,0,1000,155,0.076,existing
p2261,m1558,m2263,2,0.074,0,0,244.428,0,2,1,0,1000,292,0.076,existing
p2256,m2257,m2259,2,0.131,0,0,2205.686,0,2,1,0,1000,77,0.063,existing
p1998,m1999,m433,2,0.074,0,0,464.088,0,2,1,0,1000,81,0.076,existing
p1993,m1994,m1996,7,0.074,0,0,514.127,0,2,1,0,1000,66,0.076,existing
p1989,m1990,m214,4,0.131,0,0,2007.001,0,2,1,0,1000,93,0.063,existing
p1985,m1710,m1987,4,0.131,0,0,1454.797,0,2,1,0,1000,177,0.063,existing
p1726,m487,m1728,8,0.074,0,0,485.542,0,2,1,0,1000,74,0.076,existing
p1721,m1722,m1724,4,0.131,0,0,4223.567,0,2,1,0,1000,21,0.063,existing
p1717,m1718,m1044,13,0.102,0,0,717.828,0,2,1,0,1000,195,0.068,existing
p1712,m1713,m1715,18,0.164,0,0,4828.207,0,2,1,0,1000,53,0.059,existing
p1453,m703,m417,9,0.164,0,0,3550.674,0,2,1,0,1000,98,0.059,existing
p1448,m1449,m1451,1,0.150,0,0,2184.328,0,2,1,0,1000,163,0.060,existing
p1443,m1444,m1446,13,0.102,0,0,1647.922,0,2,1,0,1000,37,0.068,existing
p1176,m1177,m1179,2,0.074,0,0,636.954,0,2,1,0,1000,43,0.076,existing
p1172,m1173,m712,2,0.131,0,0,3795.791,0,2,1,0,1000,26,0.063,existing
p911,m912,m914,1,0.074,0,0,602.868,0,2,1,0,1000,48,0.076,existing
p907,m585,m909,8,0.074,0,0,622.639,0,2,1,0,1000,45,0.076,existing
p902,m903,m905,2,0.074,0,0,194.956,0,2,1,0,1000,459,0.076,existing
p897,m898,m900,2,0.051,0,0,135.521,0,2,1,0,1000,140,0.086,existing
p638,m639,m641,7,0.164,0,0,2814.243,0,2,1,0,1000,156,0.059,existing
p633,m634,m636,2,0.184,0,0,4503.638,0,2,1,0,1000,114,0.056,existing
p629,m630,m627,1,0.131,0,0,868.182,0,2,1,0,1000,497,0.063,existing
p367,m368,m370,9,0.205,0,0,7915.166,0,2,1,0,1000,65,0.054,existing
p362,m363,m365,2,0.074,0,0,384.505,0,2,1,0,1000,118,0.076,existing
p357,m358,m360,4,0.102,0,0,1142.331,0,2,1,0,1000,77,0.068,existing
p353,m67,m355,1,0.324,0,0,16516.112,0,2,1,0,1000,173,0.047,existing
p94,m95,m97,2,0.250,0,0,11114.061,0,2,1,0,1000,96,0.051,existing
p89,m90,m92,5,0.131,0,0,2150.535,0,2,1,0,1000,81,0.063,existing
p84,m85,m87,5,0.164,0,0,3664.628,0,2,1,0,1000,92,0.059,existing
p5278,m2629,m5280,9,0.102,0,0,693.369,0,2,1,0,1000,209,0.068,existing
p5275,m3000,m549,7,0.131,0,0,1101.057,0,2,1,0,1000,309,0.063,existing
p5271,m5272,m4564,20,0.229,0,0,10324.245,0,2,1,0,1000,70,0.052,existing
p5267,m3167,m5269,1,0.184,0,0,14498.382,0,2,1,0,1000,11,0.056,existing
p5264,m3785,m4435,2,0.131,0,0,3271.561,0,2,1,0,1000,35,0.063,existing
p5007,m1682,m3498,2,0.131,0,0,2347.116,0,2,1,0,1000,68,0.063,existing
p5004,m3228,m1673,13,0.102,0,0,725.305,0,2,1,0,1000,191,0.068,existing
p5001,m201,m3201,2,0.131,0,0,2951.581,0,2,1,0,1000,43,0.063,existing
p4998,m1538,m150,10,0.131,0,0,1124.976,0,2,1,0,1000,296,0.063,existing
p4994,m4995,m4758,5,0.051,0,0,226.770,0,2,1,0,1000,50,0.086,existing
p4733,m293,m4735,2,0.102,0,0,865.934,0,2,1,0,1000,134,0.068,existing
p4730,m4180,m3291,2,0.184,0,0,4217.394,0,2,1,0,1000,130,0.056,existing
p4727,m1201,m262,3,0.102,0,0,506.284,0,2,1,0,1000,392,0.068,existing
p4724,m2765,m2510,7,0.051,0,0,188.975,0,2,1,0,1000,72,0.086,existing
p4721,m982,m1333,2,0.164,0,0,10598.087,0,2,1,0,1000,11,0.059,existing
p4463,m520,m293,2,0.131,0,0,2419.352,0,2,1,0,1000,64,0.063,existing
p4459,m3295,m4461,2,0.200,0,0,6800.399,0,2,1,0,1000,78,0.055,existing
p4456,m2500,m4205,1,0.131,0,0,4694.232,0,2,1,0,1000,17,0.063,existing
p4453,m1198,m1622,7,0.229,0,0,23085.714,0,2,1,0,1000,14,0.052,existing
p4450,m3990,m4396,3,0.102,0,0,612.308,0,2,1,0,1000,268,0.068,existing
p4186,m4187,m252,7,0.051,0,0,292.758,0,2,1,0,1000,30,0.086,existing
p4182,m1315,m4184,7,0.074,0,0,686.660,0,2,1,0,1000,37,0.076,existing
p4178,m828,m4180,2,0.102,0,0,780.361,0,2,1,0,1000,165,0.068,existing
p3918,m3919,m1337,7,0.131,0,0,3476.227,0,2,1,0,1000,31,0.063,existing
p3915,m3894,m2923,9,0.164,0,0,2753.151,0,2,1,0,1000,163,0.059,existing
p3912,m3125,m95,2,0.102,0,0,1546.724,0,2,1,0,1000,42,0.068,existing
p3909,m1292,m1068,3,0.131,0,0,1446.647,0,2,1,0,1000,179,0.063,existing
p3647,m3139,m3649,1,0.102,0,0,740.989,0,2,1,0,1000,183,0.068,existing
p3644,m1152,m3632,2,0.229,0,0,9005.616,0,2,1,0,1000,92,0.052,existing
p3640,m3641,m320,2,0.102,0,0,653.888,0,2,1,0,1000,235,0.068,existing
p3636,m2457,m3638,2,0.131,0,0,1071.964,0,2,1,0,1000,326,0.063,existing
p3374,m1123,m3376,2,0.102,0,0,691.716,0,2,1,0,1000,210,0.068,existing
p3370,m3371,m2571,13,0.102,0,0,417.301,0,2,1,0,1000,577,0.068,existing
p3366,m3367,m1662,3,0.074,0,0,475.989,0,2,1,0,1000,77,0.076,existing
p3361,m3362,m3364,2,0.100,0,0,2623.393,0,2,1,0,1000,13,0.069,existing
p3100,m3101,m701,9,0.131,0,0,1063.837,0,2,1,0,1000,331,0.063,existing
p3096,m216,m3098,4,0.131,0,0,3139.765,0,2,1,0,1000,38,0.063,existing
p3093,m1371,m1917,2,0.102,0,0,745.072,0,2,1,0,1000,181,0.068,existing
p3090,m3035,m2259,2,0.102,0,0,311.428,0,2,1,0,1000,1036,0.068,existing
p2829,m306,m1652,5,0.184,0,0,2843.367,0,2,1,0,1000,286,0.056,existing
p2826,m1830,m388,7,0.205,0,0,7682.316,0,2,1,0,1000,69,0.054,existing
p2822,m1152,m2824,2,0.229,0,0,5695.651,0,2,1,0,1000,230,0.052,existing
p2818,m1427,m2820,2,0.051,0,0,263.614,0,2,1,0,1000,37,0.086,existing
p2555,m2556,m2558,7,0.164,0,0,2841.699,0,2,1,0,1000,153,0.059,existing
p2551,m2552,m1054,2,0.200,0,0,11350.178,0,2,1,0,1000,28,0.055,existing
p2547,m2548,m2125,2,0.131,0,0,1262.569,0,2,1,0,1000,235,0.063,existing
p2544,m2278,m2174,10,0.131,0,0,1752.303,0,2,1,0,1000,122,0.063,existing
p2287,m2288,m1972,8,0.131,0,0,2313.343,0,2,1,0,1000,70,0.063,existing
p2284,m936,m2195,7,0.184,0,0,10752.288,0,2,1,0,1000,20,0.056,existing
p2280,m1826,m2282,13,0.164,0,0,2223.073,0,2,1,0,1000,250,0.059,existing
p2276,m1856,m2278,10,0.131,0,0,1345.253,0,2,1,0,1000,207,0.063,existing
p2273,m216,m1636,4,0.131,0,0,1612.901,0,2,1,0,1000,144,0.063,existing
p2014,m1165,m2016,4,0.131,0,0,3181.912,0,2,1,0,1000,37,0.063,existing
p2010,m291,m2012,2,0.131,0,0,3594.099,0,2,1,0,1000,29,0.063,existing
p2006,m888,m2008,4,0.051,0,0,166.276,0,2,1,0,1000,93,0.086,existing
p2002,m1983,m2004,2,0.100,0,0,1410.031,0,2,1,0,1000,45,0.069,existing
p1743,m1593,m1745,13,0.051,0,0,263.614,0,2,1,0,1000,37,0.086,existing
p1739,m566,m1741,2,0.074,0,0,602.868,0,2,1,0,1000,48,0.076,existing
p1735,m1736,m1731,1,0.102,0,0,2393.281,0,2,1,0,1000,17,0.069,existing
p1469,m50,m355,1,0.168,0,0,2177.733,0,2,1,0,1000,303,0.058,existing
p1466,m544,m612,2,0.184,0,0,3078.371,0,2,1,0,1000,244,0.056,existing
p1461,m1462,m1464,2,0.164,0,0,5702.063,0,2,1,0,1000,38,0.059,existing
p1456,m1457,m1459,4,0.074,0,0,266.302,0,2,1,0,1000,246,0.076,existing
p1195,m1196,m1198,7,0.205,0,0,5432.218,0,2,1,0,1000,138,0.054,existing
p1190,m1191,m1193,15,0.074,0,0,716.313,0,2,1,0,1000,34,0.076,existing
p1185,m1186,m1188,8,0.102,0,0,802.556,0,2,1,0,1000,156,0.068,existing
p926,m927,m929,7,0.051,0,0,176.007,0,2,1,0,1000,83,0.086,existing
p921,m922,m924,2,0.205,0,0,8604.693,0,2,1,0,1000,55,0.054,existing
p916,m917,m919,2,0.164,0,0,3725.880,0,2,1,0,1000,89,0.059,existing
p652,m653,m655,4,0.131,0,0,931.209,0,2,1,0,1000,432,0.063,existing
p648,m649,m378,3,0.102,0,0,523.958,0,2,1,0,1000,366,0.068,existing
p643,m644,m646,2,0.205,0,0,5355.161,0,2,1,0,1000,142,0.054,existing
p382,m383,m385,2,0.102,0,0,1233.859,0,2,1,0,1000,66,0.068,existing
p377,m378,m380,3,0.102,0,0,1127.779,0,2,1,0,1000,79,0.068,existing
p372,m373,m375,4,0.102,0,0,1012.568,0,2,1,0,1000,98,0.068,existing
p109,m110,m112,2,0.102,0,0,1390.067,0,2,1,0,1000,52,0.068,existing
p104,m105,m107,6,0.102,0,0,1120.708,0,2,1,0,1000,80,0.068,existing
p99,m100,m102,4,0.102,0,0,1744.940,0,2,1,0,1000,33,0.068,existing
p5292,m2906,m5294,13,0.074,0,0,706.006,0,2,1,0,1000,35,0.076,existing
p5289,m2372,m3362,2,0.102,0,0,700.101,0,2,1,0,1000,205,0.068,existing
p5285,m301,m5287,2,0.074,0,0,506.510,0,2,1,0,1000,68,0.076,existing
p5282,m4426,m436,6,0.131,0,0,1484.446,0,2,1,0,1000,170,0.063,existing
p5023,m4773,m2133,2,0.229,0,0,8470.141,0,2,1,0,1000,104,0.052,existing
p5020,m2755,m895,4,0.131,0,0,1612.901,0,2,1,0,1000,144,0.063,existing
p5017,m2508,m2350,7,0.102,0,0,677.353,0,2,1,0,1000,219,0.068,existing
p5014,m2024,m2637,7,0.164,0,0,2273.657,0,2,1,0,1000,239,0.059,existing
p5010,m5011,m1049,2,0.102,0,0,1120.708,0,2,1,0,1000,80,0.068,existing
p4750,m4032,m1402,7,0.131,0,0,2478.130,0,2,1,0,1000,61,0.063,existing
p4747,m789,m3083,2,0.131,0,0,3181.912,0,2,1,0,1000,37,0.063,existing
p4744,m452,m349,2,0.102,0,0,618.101,0,2,1,0,1000,263,0.068,existing
p4741,m3101,m682,9,0.102,0,0,3169.841,0,2,1,0,1000,10,0.068,existing
p4737,m1706,m4739,2,0.051,0,0,244.532,0,2,1,0,1000,43,0.086,existing
p4477,m4478,m2688,3,0.074,0,0,318.477,0,2,1,0,1000,172,0.076,existing
p4473,m1049,m4475,2,0.131,0,0,1231.517,0,2,1,0,1000,247,0.063,existing
p4470,m996,m1924,2,0.131,0,0,1955.131,0,2,1,0,1000,98,0.063,existing
p4466,m1004,m4468,7,0.102,0,0,1087.246,0,2,1,0,1000,85,0.068,existing
p4207,m622,m4209,2,0.184,0,0,10752.288,0,2,1,0,1000,20,0.056,existing
p4203,m3341,m4205,1,0.131,0,0,548.755,0,2,1,0,1000,1244,0.063,existing
p4200,m729,m1491,7,0.200,0,0,9379.717,0,2,1,0,1000,41,0.055,existing
p4197,m112,m243,2,0.131,0,0,1684.620,0,2,1,0,1000,132,0.063,existing
p4194,m2133,m2465,2,0.229,0,0,8637.883,0,2,1,0,1000,100,0.052,existing
p3933,m798,m3935,8,0.051,0,0,178.167,0,2,1,0,1000,81,0.086,existing
p3930,m2235,m980,2,0.164,0,0,3059.404,0,2,1,0,1000,132,0.059,existing
p3925,m3926,m3928,2,0.102,0,0,3169.841,0,2,1,0,1000,10,0.068,existing
p3922,m2335,m2394,13,0.131,0,0,2986.513,0,2,1,0,1000,42,0.063,existing
p3662,m3663,m760,2,0.131,0,0,3533.689,0,2,1,0,1000,30,0.063,existing
p3659,m1210,m1034,8,0.074,0,0,762.574,0,2,1,0,1000,30,0.076,existing
p3654,m3655,m3657,2,0.041,0,0,198.710,0,2,1,0,1000,19,0.093,existing
p3651,m3065,m694,2,0.074,0,0,433.113,0,2,1,0,1000,93,0.076,existing
p3390,m1177,m1272,2,0.102,0,0,1080.907,0,2,1,0,1000,86,0.068,existing
p3386,m2565,m3388,7,0.131,0,0,5368.060,0,2,1,0,1000,13,0.063,existing
p3383,m1224,m996,2,0.164,0,0,2787.567,0,2,1,0,1000,159,0.059,existing
p3378,m3379,m3381,2,0.074,0,0,351.749,0,2,1,0,1000,141,0.076,existing
p3117,m1824,m1136,13,0.184,0,0,2541.408,0,2,1,0,1000,358,0.056,existing
p3113,m3114,m1819,2,0.150,0,0,1640.449,0,2,1,0,1000,289,0.060,existing
p3109,m3110,m1900,7,0.074,0,0,453.036,0,2,1,0,1000,85,0.076,existing
p3104,m3105,m3107,2,0.164,0,0,3306.622,0,2,1,0,1000,113,0.059,existing
p2846,m912,m914,1,0.074,0,0,602.868,0,2,1,0,1000,48,0.076,existing
p2843,m687,m264,3,0.164,0,0,2649.522,0,2,1,0,1000,176,0.059,existing
p2839,m2066,m2841,9,0.131,0,0,1008.939,0,2,1,0,1000,368,0.063,existing
p2836,m1485,m500,8,0.102,0,0,1694.351,0,2,1,0,1000,35,0.068,existing
p2832,m2833,m2637,7,0.131,0,0,2028.936,0,2,1,0,1000,91,0.063,existing
p2574,m1078,m2576,2,0.074,0,0,522.099,0,2,1,0,1000,64,0.076,existing
p2570,m2571,m421,13,0.131,0,0,1351.799,0,2,1,0,1000,205,0.063,existing
p2567,m269,m687,3,0.164,0,0,2218.641,0,2,1,0,1000,251,0.059,existing
p2563,m641,m2565,7,0.164,0,0,3143.901,0,2,1,0,1000,125,0.059,existing
p2560,m2093,m2552,2,0.164,0,0,5858.313,0,2,1,0,1000,36,0.059,existing
p2300,m1437,m2302,9,0.131,0,0,2099.324,0,2,1,0,1000,85,0.063,existing
p2295,m2296,m2298,7,0.131,0,0,2458.064,0,2,1,0,1000,62,0.063,existing
p2291,m1128,m2293,2,0.102,0,0,987.686,0,2,1,0,1000,103,0.068,existing
p2029,m927,m2031,7,0.200,0,0,5247.422,0,2,1,0,1000,131,0.055,existing
p2026,m254,m729,7,0.200,0,0,10009.916,0,2,1,0,1000,36,0.055,existing
p2021,m2022,m2024,7,0.164,0,0,11115.367,0,2,1,0,1000,10,0.059,existing
p2018,m1833,m1407,2,0.131,0,0,951.237,0,2,1,0,1000,414,0.063,existing
p1757,m1758,m1004,7,0.074,0,0,277.836,0,2,1,0,1000,226,0.076,existing
p1754,m1292,m180,3,0.131,0,0,2099.324,0,2,1,0,1000,85,0.063,existing
p1750,m1751,m363,2,0.131,0,0,1259.891,0,2,1,0,1000,236,0.063,existing
p1747,m157,m903,2,0.074,0,0,1013.020,0,2,1,0,1000,17,0.076,existing
p1487,m226,m1391,7,0.184,0,0,4266.915,0,2,1,0,1000,127,0.056,existing
p1482,m1483,m1485,8,0.051,0,0,161.978,0,2,1,0,1000,98,0.086,existing
p1477,m1478,m1480,16,0.184,0,0,4078.575,0,2,1,0,1000,139,0.056,existing
p1472,m1473,m1475,2,0.102,0,0,841.188,0,2,1,0,1000,142,0.068,existing
p1214,m828,m1216,2,0.074,0,0,472.928,0,2,1,0,1000,78,0.076,existing
p1209,m1210,m1212,8,0.074,0,0,472.928,0,2,1,0,1000,78,0.076,existing
p1204,m1205,m1207,13,0.074,0,0,615.834,0,2,1,0,1000,46,0.076,existing
p1200,m1201,m182,3,0.102,0,0,1215.578,0,2,1,0,1000,68,0.068,existing
p940,m82,m942,4,0.131,0,0,2986.513,0,2,1,0,1000,42,0.063,existing
p935,m936,m938,7,0.184,0,0,13881.144,0,2,1,0,1000,12,0.056,existing
p931,m269,m933,3,0.102,0,0,1233.859,0,2,1,0,1000,66,0.068,existing
p667,m668,m670,2,0.125,0,0,1377.514,0,2,1,0,1000,155,0.064,existing
p662,m663,m665,7,0.051,0,0,218.209,0,2,1,0,1000,54,0.086,existing
p657,m658,m660,9,0.074,0,0,403.785,0,2,1,0,1000,107,0.076,existing
p396,m397,m399,3,0.074,0,0,367.746,0,2,1,0,1000,129,0.076,existing
p392,m393,m196,2,0.131,0,0,2710.216,0,2,1,0,1000,51,0.063,existing
p124,m125,m127,2,0.051,0,0,292.758,0,2,1,0,1000,30,0.086,existing
p119,m120,m122,2,0.125,0,0,1860.168,0,2,1,0,1000,85,0.064,existing
p114,m115,m117,3,0.131,0,0,2150.535,0,2,1,0,1000,81,0.063,existing
p5308,m2753,m5310,4,0.074,0,0,323.210,0,2,1,0,1000,167,0.076,existing
p5304,m87,m5306,5,0.131,0,0,1226.562,0,2,1,0,1000,249,0.063,existing
p5300,m1387,m5302,2,0.102,0,0,915.054,0,2,1,0,1000,120,0.068,existing
p5296,m3307,m5298,17,0.184,0,0,3766.362,0,2,1,0,1000,163,0.056,existing
p5038,m1724,m5040,4,0.033,0,0,79.359,0,2,1,0,1000,36,0.100,existing
p5035,m3484,m905,2,0.131,0,0,1653.593,0,2,1,0,1000,137,0.063,existing
p5032,m1624,m965,7,0.219,0,0,13757.320,0,2,1,0,1000,31,0.053,existing
p5029,m4209,m779,2,0.200,0,0,7449.464,0,2,1,0,1000,65,0.055,existing
p5026,m3178,m3952,2,0.102,0,0,727.211,0,2,1,0,1000,190,0.068,existing
p4765,m724,m1785,5,0.131,0,0,2099.324,0,2,1,0,1000,85,0.063,existing
p4761,m1903,m4763,6,0.102,0,0,757.737,0,2,1,0,1000,175,0.068,existing
p4757,m4758,m3974,5,0.074,0,0,306.257,0,2,1,0,1000,186,0.076,existing
p4753,m4754,m85,5,0.176,0,0,4122.293,0,2,1,0,1000,108,0.057,existing
p4495,m62,m4497,2,0.131,0,0,2124.467,0,2,1,0,1000,83,0.063,existing
p4492,m1397,m2623,7,0.074,0,0,379.708,0,2,1,0,1000,121,0.076,existing
p4488,m70,m4490,3,0.074,0,0,242.771,0,2,1,0,1000,296,0.076,existing
p4484,m4485,m3014,2,0.074,0,0,548.439,0,2,1,0,1000,58,0.076,existing
p4481,m3758,m938,7,0.198,0,0,5952.858,0,2,1,0,1000,97,0.055,existing
p4222,m142,m1097,8,0.074,0,0,558.147,0,2,1,0,1000,56,0.076,existing
p4218,m812,m4220,7,0.074,0,0,660.408,0,2,1,0,1000,40,0.076,existing
p4214,m1511,m4216,2,0.051,0,0,176.007,0,2,1,0,1000,83,0.086,existing
p4211,m2293,m3655,2,0.074,0,0,279.698,0,2,1,0,1000,223,0.076,existing
p3950,m469,m3952,2,0.125,0,0,1546.355,0,2,1,0,1000,123,0.064,existing
p3947,m3107,m612,2,0.164,0,0,1980.471,0,2,1,0,1000,315,0.059,existing
p3943,m2038,m3945,2,0.051,0,0,157.236,0,2,1,0,1000,104,0.086,existing
p3940,m1850,m339,7,0.102,0,0,2137.106,0,2,1,0,1000,22,0.068,existing
p3937,m510,m927,7,0.200,0,0,7753.647,0,2,1,0,1000,60,0.055,existing
p3677,m745,m544,2,0.184,0,0,3391.703,0,2,1,0,1000,201,0.056,existing
p3673,m1520,m3675,3,0.074,0,0,596.684,0,2,1,0,1000,49,0.076,existing
p3669,m3670,m2579,3,0.074,0,0,579.216,0,2,1,0,1000,52,0.076,existing
p3666,m2641,m3468,6,0.131,0,0,1008.939,0,2,1,0,1000,368,0.063,existing
p3407,m1354,m2200,4,0.131,0,0,1618.531,0,2,1,0,1000,143,0.063,existing
p3404,m2125,m1584,2,0.131,0,0,6120.530,0,2,1,0,1000,10,0.063,existing
p3400,m3401,m2211,2,0.205,0,0,13925.380,0,2,1,0,1000,21,0.054,existing
p3397,m2863,m2531,2,0.131,0,0,1224.106,0,2,1,0,1000,250,0.063,existing
p3393,m2374,m3395,2,0.131,0,0,2051.606,0,2,1,0,1000,89,0.063,existing
p3129,m3130,m3132,1,0.164,0,0,1550.395,0,2,1,0,1000,514,0.059,existing
p3124,m3125,m3127,2,0.074,0,0,563.198,0,2,1,0,1000,55,0.076,existing
p3120,m3121,m194,2,0.074,0,0,396.443,0,2,1,0,1000,111,0.076,existing
p2862,m2863,m2865,2,0.074,0,0,428.530,0,2,1,0,1000,95,0.076,existing
p2859,m2465,m1259,2,0.229,0,0,10041.335,0,2,1,0,1000,74,0.052,existing
p2855,m2856,m1795,7,0.131,0,0,2124.467,0,2,1,0,1000,83,0.063,existing
p2852,m1236,m2357,3,0.074,0,0,622.639,0,2,1,0,1000,45,0.076,existing
p2849,m1662,m1520,3,0.102,0,0,1134.985,0,2,1,0,1000,78,0.068,existing
p2587,m209,m2589,2,0.164,0,0,7859.752,0,2,1,0,1000,20,0.059,existing
p2583,m2584,m142,8,0.051,0,0,172.910,0,2,1,0,1000,86,0.086,existing
p2578,m2579,m2581,3,0.074,0,0,890.494,0,2,1,0,1000,22,0.076,existing
p2318,m1576,m2320,15,0.131,0,0,1378.973,0,2,1,0,1000,197,0.063,existing
p2315,m1935,m922,2,0.150,0,0,1516.887,0,2,1,0,1000,338,0.060,existing
p2311,m2312,m1117,4,0.131,0,0,2764.973,0,2,1,0,1000,49,0.063,existing
p2307,m2308,m2205,2,0.102,0,0,721.537,0,2,1,0,1000,193,0.068,existing
p2304,m2048,m732,7,0.164,0,0,3208.730,0,2,1,0,1000,120,0.059,existing
p2045,m2046,m2048,7,0.102,0,0,1017.774,0,2,1,0,1000,97,0.068,existing
p2042,m1599,m1871,9,0.131,0,0,1361.800,0,2,1,0,1000,202,0.063,existing
p2037,m2038,m2040,2,0.074,0,0,224.546,0,2,1,0,1000,346,0.076,existing
p2033,m1576,m2035,15,0.074,0,0,475.989,0,2,1,0,1000,77,0.076,existing
p1775,m206,m1777,3,0.168,0,0,5020.981,0,2,1,0,1000,57,0.058,existing
p1771,m786,m1773,7,0.074,0,0,644.493,0,2,1,0,1000,42,0.076,existing
p1766,m1767,m1769,3,0.074,0,0,440.272,0,2,1,0,1000,90,0.076,existing
p1761,m1762,m1764,4,0.102,0,0,992.516,0,2,1,0,1000,102,0.068,existing
p1503,m1504,m1268,13,0.164,0,0,1631.792,0,2,1,0,1000,464,0.059,existing
p1499,m390,m1501,7,0.205,0,0,12059.733,0,2,1,0,1000,28,0.054,existing
p1495,m57,m1497,1,0.273,0,0,9241.850,0,2,1,0,1000,222,0.049,existing
p1490,m1491,m1493,7,0.200,0,0,9267.381,0,2,1,0,1000,42,0.055,existing
p1230,m1231,m1233,7,0.164,0,0,3979.940,0,2,1,0,1000,78,0.059,existing
p1226,m1227,m898,2,0.102,0,0,2046.123,0,2,1,0,1000,24,0.068,existing
p1222,m698,m1224,2,0.200,0,0,11558.455,0,2,1,0,1000,27,0.055,existing
p1218,m924,m1220,2,0.205,0,0,9116.301,0,2,1,0,1000,49,0.054,existing
p959,m960,m962,2,0.102,0,0,420.965,0,2,1,0,1000,567,0.068,existing
p949,m950,m952,8,0.102,0,0,674.282,0,2,1,0,1000,221,0.068,existing
p944,m945,m947,2,0.102,0,0,1233.859,0,2,1,0,1000,66,0.068,existing
p686,m687,m689,3,0.131,0,0,1338.800,0,2,1,0,1000,209,0.063,existing
p681,m682,m684,9,0.131,0,0,1774.253,0,2,1,0,1000,119,0.063,existing
p676,m677,m679,7,0.200,0,0,5700.595,0,2,1,0,1000,111,0.055,existing
p672,m484,m674,5,0.074,0,0,584.867,0,2,1,0,1000,51,0.076,existing
p411,m412,m414,13,0.184,0,0,7699.873,0,2,1,0,1000,39,0.056,existing
p406,m407,m409,2,0.131,0,0,1158.742,0,2,1,0,1000,279,0.063,existing
p401,m402,m404,8,0.102,0,0,807.750,0,2,1,0,1000,154,0.068,existing
p139,m140,m142,8,0.074,0,0,313.947,0,2,1,0,1000,177,0.076,existing
p134,m135,m137,7,0.074,0,0,502.826,0,2,1,0,1000,69,0.076,existing
p129,m130,m132,2,0.164,0,0,6213.679,0,2,1,0,1000,32,0.059,existing
p5325,m1444,m1534,13,0.131,0,0,843.109,0,2,1,0,1000,527,0.063,existing
p5322,m1814,m3125,2,0.102,0,0,1165.257,0,2,1,0,1000,74,0.068,existing
p5319,m2492,m1968,2,0.164,0,0,2981.374,0,2,1,0,1000,139,0.059,existing
p5316,m1433,m5051,2,0.131,0,0,1935.481,0,2,1,0,1000,100,0.063,existing
p5312,m331,m5314,4,0.102,0,0,1390.067,0,2,1,0,1000,52,0.068,existing
p5053,m919,m4688,2,0.164,0,0,3382.299,0,2,1,0,1000,108,0.059,existing
p5049,m2596,m5051,2,0.150,0,0,2907.487,0,2,1,0,1000,92,0.060,existing
p5045,m5046,m852,2,0.051,0,0,187.676,0,2,1,0,1000,73,0.086,existing
p5042,m694,m3926,2,0.074,0,0,548.439,0,2,1,0,1000,58,0.076,existing
p4781,m1905,m1016,6,0.102,0,0,458.004,0,2,1,0,1000,479,0.068,existing
p4778,m3183,m1643,2,0.131,0,0,2951.581,0,2,1,0,1000,43,0.063,existing
p4775,m412,m3228,13,0.184,0,0,2346.342,0,2,1,0,1000,420,0.056,existing
p4771,m3634,m4773,2,0.184,0,0,3966.041,0,2,1,0,1000,147,0.056,existing
p4768,m4243,m3841,2,0.200,0,0,4040.039,0,2,1,0,1000,221,0.055,existing
p4510,m1480,m4512,16,0.200,0,0,5459.954,0,2,1,0,1000,121,0.055,existing
p4507,m1780,m3071,2,0.164,0,0,4393.735,0,2,1,0,1000,64,0.059,existing
p4504,m1614,m517,4,0.102,0,0,1134.985,0,2,1,0,1000,78,0.068,existing
p4237,m3098,m4239,4,0.079,0,0,334.166,0,2,1,0,1000,231,0.075,existing
p4234,m358,m1990,4,0.131,0,0,1063.837,0,2,1,0,1000,331,0.063,existing
p4231,m630,m1687,1,0.324,0,0,3773.589,0,2,1,0,1000,3314,0.047,existing
p4228,m2978,m3965,2,0.074,0,0,398.241,0,2,1,0,1000,110,0.076,existing
p4225,m595,m655,4,0.131,0,0,852.048,0,2,1,0,1000,516,0.063,existing
p3964,m3965,m1617,2,0.131,0,0,2609.803,0,2,1,0,1000,55,0.063,existing
p3960,m3961,m3192,2,0.125,0,0,4583.505,0,2,1,0,1000,14,0.064,existing
p3957,m698,m2978,2,0.131,0,0,1554.616,0,2,1,0,1000,155,0.063,existing
p3954,m3435,m1381,5,0.102,0,0,1744.940,0,2,1,0,1000,33,0.068,existing
p3693,m1606,m2481,17,0.131,0,0,1659.662,0,2,1,0,1000,136,0.063,existing
p3689,m1667,m3691,7,0.041,0,0,87.052,0,2,1,0,1000,99,0.093,existing
p3686,m3510,m859,8,0.131,0,0,5835.696,0,2,1,0,1000,11,0.063,existing
p3683,m90,m308,5,0.131,0,0,1393.190,0,2,1,0,1000,193,0.063,existing
p3680,m566,m1073,2,0.164,0,0,4231.548,0,2,1,0,1000,69,0.059,existing
p3420,m140,m3422,8,0.074,0,0,461.249,0,2,1,0,1000,82,0.076,existing
p3417,m1131,m459,7,0.164,0,0,2019.308,0,2,1,0,1000,303,0.059,existing
p3414,m2505,m3114,2,0.150,0,0,2158.010,0,2,1,0,1000,167,0.060,existing
p3410,m2278,m3412,10,0.131,0,0,1862.418,0,2,1,0,1000,108,0.063,existing
p3150,m2665,m1924,2,0.102,0,0,1233.859,0,2,1,0,1000,66,0.068,existing
p3145,m3146,m3148,2,0.026,0,0,41.709,0,2,1,0,1000,39,0.108,existing
p3142,m1900,m1491,7,0.200,0,0,6714.856,0,2,1,0,1000,80,0.055,existing
p3138,m3139,m774,1,0.131,0,0,2563.608,0,2,1,0,1000,57,0.063,existing
p2879,m380,m1579,3,0.074,0,0,391.192,0,2,1,0,1000,114,0.076,existing
p2876,m2874,m1879,2,0.250,0,0,10782.223,0,2,1,0,1000,102,0.051,existing
p2872,m1310,m2874,2,0.250,0,0,13109.431,0,2,1,0,1000,69,0.051,existing
p2867,m2868,m2870,7,0.102,0,0,1894.342,0,2,1,0,1000,28,0.068,existing
p2607,m2223,m2492,2,0.164,0,0,2288.062,0,2,1,0,1000,236,0.059,existing
p2603,m2604,m2308,2,0.131,0,0,4126.460,0,2,1,0,1000,22,0.063,existing
p2600,m614,m441,2,0.131,0,0,2075.054,0,2,1,0,1000,87,0.063,existing
p2595,m2596,m2598,2,0.125,0,0,2898.863,0,2,1,0,1000,35,0.064,existing
p2332,m2333,m2335,13,0.102,0,0,818.449,0,2,1,0,1000,150,0.068,existing
p2329,m199,m1310,2,0.250,0,0,11952.791,0,2,1,0,1000,83,0.051,existing
p2326,m1560,m2263,2,0.102,0,0,2679.004,0,2,1,0,1000,14,0.068,existing
p2322,m2323,m539,4,0.131,0,0,770.503,0,2,1,0,1000,631,0.063,existing
p2060,m2061,m2063,2,0.102,0,0,1215.578,0,2,1,0,1000,68,0.068,existing
p2055,m2056,m2058,4,0.102,0,0,2588.164,0,2,1,0,1000,15,0.068,existing
p2050,m2051,m2053,7,0.131,0,0,2347.116,0,2,1,0,1000,68,0.063,existing
p1787,m1788,m1790,5,0.102,0,0,859.544,0,2,1,0,1000,136,0.068,existing
p1783,m308,m1785,5,0.184,0,0,3645.367,0,2,1,0,1000,174,0.056,existing
p1779,m1780,m962,2,0.131,0,0,6120.530,0,2,1,0,1000,10,0.063,existing
p1519,m1520,m845,3,0.102,0,0,915.054,0,2,1,0,1000,120,0.068,existing
p1515,m130,m1517,2,0.074,0,0,543.772,0,2,1,0,1000,59,0.076,existing
p1510,m1511,m1513,2,0.131,0,0,2609.803,0,2,1,0,1000,55,0.063,existing
p1507,m646,m692,2,0.250,0,0,12025.453,0,2,1,0,1000,82,0.051,existing
p1244,m1245,m1247,13,0.051,0,0,244.532,0,2,1,0,1000,43,0.086,existing
p1240,m1241,m125,2,0.074,0,0,378.149,0,2,1,0,1000,122,0.076,existing
p1235,m1236,m1238,3,0.074,0,0,518.067,0,2,1,0,1000,65,0.076,existing
p974,m975,m977,9,0.131,0,0,1152.562,0,2,1,0,1000,282,0.063,existing
p969,m970,m972,2,0.102,0,0,978.234,0,2,1,0,1000,105,0.068,existing
p964,m965,m967,7,0.131,0,0,2347.116,0,2,1,0,1000,68,0.063,existing
p700,m701,m703,9,0.131,0,0,2917.848,0,2,1,0,1000,44,0.063,existing
p696,m407,m698,2,0.131,0,0,2400.669,0,2,1,0,1000,65,0.063,existing
p691,m692,m694,2,0.074,0,0,573.726,0,2,1,0,1000,53,0.076,existing
p430,m431,m433,2,0.051,0,0,220.258,0,2,1,0,1000,53,0.086,existing
p425,m426,m428,1,0.074,0,0,243.182,0,2,1,0,1000,295,0.076,existing
p420,m421,m423,13,0.102,0,0,690.075,0,2,1,0,1000,211,0.068,existing
p416,m417,m145,9,0.164,0,0,2115.774,0,2,1,0,1000,276,0.059,existing
p159,m160,m162,2,0.074,0,0,466.979,0,2,1,0,1000,80,0.076,existing
p154,m155,m157,2,0.125,0,0,1657.944,0,2,1,0,1000,107,0.064,existing
p149,m150,m152,10,0.102,0,0,348.777,0,2,1,0,1000,826,0.068,existing
p144,m145,m147,9,0.164,0,0,887.952,0,2,1,0,1000,1567,0.059,existing
p5343,m3498,m2514,2,0.131,0,0,2586.396,0,2,1,0,1000,56,0.063,existing
p5340,m2745,m4589,4,0.033,0,0,34.635,0,2,1,0,1000,189,0.100,existing
p5337,m4519,m3167,1,0.290,0,0,12678.583,0,2,1,0,1000,164,0.048,existing
p5334,m800,m4341,8,0.102,0,0,1403.629,0,2,1,0,1000,51,0.068,existing
p5331,m426,m1449,1,0.102,0,0,2588.164,0,2,1,0,1000,15,0.068,existing
p5328,m2972,m2288,8,0.131,0,0,2364.567,0,2,1,0,1000,67,0.063,existing
p5069,m3132,m1254,1,0.150,0,0,5366.978,0,2,1,0,1000,27,0.060,existing
p5066,m4699,m2803,7,0.184,0,0,4761.193,0,2,1,0,1000,102,0.056,existing
p5063,m895,m2312,4,0.131,0,0,1463.086,0,2,1,0,1000,175,0.063,existing
p5060,m3461,m1051,2,0.131,0,0,2249.951,0,2,1,0,1000,74,0.063,existing
p5056,m1173,m5058,2,0.164,0,0,5778.604,0,2,1,0,1000,37,0.059,existing
p4797,m2186,m404,8,0.102,0,0,1189.620,0,2,1,0,1000,71,0.068,existing
p4793,m2539,m4795,3,0.041,0,0,126.342,0,2,1,0,1000,47,0.093,existing
p4790,m755,m209,2,0.164,0,0,2485.472,0,2,1,0,1000,200,0.059,existing
p4787,m3952,m668,2,0.125,0,0,1307.668,0,2,1,0,1000,172,0.064,existing
p4784,m3041,m870,2,0.074,0,0,424.089,0,2,1,0,1000,97,0.076,existing
p4527,m2223,m2252,2,0.164,0,0,2563.568,0,2,1,0,1000,188,0.059,existing
p4524,m456,m607,12,0.229,0,0,1714.257,0,2,1,0,1000,2539,0.052,existing
p4521,m180,m2517,3,0.131,0,0,1955.131,0,2,1,0,1000,98,0.063,existing
p4517,m4274,m4519,1,0.229,0,0,2876.100,0,2,1,0,1000,902,0.052,existing
p4514,m1687,m2891,1,0.324,0,0,23989.653,0,2,1,0,1000,82,0.047,existing
p4252,m612,m4254,2,0.164,0,0,3858.200,0,2,1,0,1000,83,0.059,existing
p4249,m2548,m3641,2,0.131,0,0,3950.785,0,2,1,0,1000,24,0.063,existing
p4245,m3809,m4247,2,0.080,0,0,881.809,0,2,1,0,1000,35,0.074,existing
p4241,m750,m4243,2,0.164,0,0,8063.935,0,2,1,0,1000,19,0.059,existing
p3982,m167,m393,2,0.131,0,0,2017.879,0,2,1,0,1000,92,0.063,existing
p3979,m1054,m2589,2,0.200,0,0,6129.797,0,2,1,0,1000,96,0.055,existing
p3976,m62,m3065,2,0.102,0,0,1351.625,0,2,1,0,1000,55,0.068,existing
p3972,m1652,m3974,5,0.102,0,0,672.761,0,2,1,0,1000,222,0.068,existing
p3968,m497,m3970,3,0.051,0,0,260.123,0,2,1,0,1000,38,0.086,existing
p3709,m1464,m3711,2,0.131,0,0,1450.705,0,2,1,0,1000,178,0.063,existing
p3705,m2777,m3707,4,0.131,0,0,1704.096,0,2,1,0,1000,129,0.063,existing
p3701,m2053,m3703,7,0.131,0,0,865.574,0,2,1,0,1000,500,0.063,existing
p3696,m3697,m3699,6,0.164,0,0,2111.951,0,2,1,0,1000,277,0.059,existing
p3439,m2266,m3441,2,0.041,0,0,135.271,0,2,1,0,1000,41,0.093,existing
p3434,m3435,m3437,5,0.102,0,0,674.282,0,2,1,0,1000,221,0.068,existing
p3430,m3431,m2154,1,0.131,0,0,389.046,0,2,1,0,1000,2475,0.063,existing
p3427,m1060,m3047,2,0.250,0,0,30202.070,0,2,1,0,1000,13,0.051,existing
p3424,m2596,m334,2,0.150,0,0,2658.982,0,2,1,0,1000,110,0.060,existing
p3166,m3167,m588,1,0.290,0,0,13083.752,0,2,1,0,1000,154,0.048,existing
p3163,m2901,m1819,2,0.164,0,0,8063.935,0,2,1,0,1000,19,0.059,existing
p3160,m1330,m1581,3,0.074,0,0,615.834,0,2,1,0,1000,46,0.076,existing
p3157,m3148,m2061,2,0.051,0,0,308.594,0,2,1,0,1000,27,0.086,existing
p3153,m1451,m3155,1,0.324,0,0,3292.960,0,2,1,0,1000,4352,0.047,existing
p2893,m2894,m2248,3,0.074,0,0,315.736,0,2,1,0,1000,175,0.076,existing
p2889,m1736,m2891,1,0.324,0,0,6921.700,0,2,1,0,1000,985,0.047,existing
p2886,m708,m77,2,0.131,0,0,2007.001,0,2,1,0,1000,93,0.063,existing
p2882,m2031,m2884,7,0.131,0,0,1559.655,0,2,1,0,1000,154,0.063,existing
p2622,m2623,m2625,7,0.131,0,0,1284.624,0,2,1,0,1000,227,0.063,existing
p2618,m155,m2620,2,0.131,0,0,2234.901,0,2,1,0,1000,75,0.063,existing
p2614,m1437,m2616,9,0.074,0,0,622.639,0,2,1,0,1000,45,0.076,existing
p2610,m2611,m2503,2,0.131,0,0,1144.474,0,2,1,0,1000,286,0.063,existing
p2349,m2350,m2352,7,0.102,0,0,1626.094,0,2,1,0,1000,38,0.068,existing
p2345,m2346,m1236,3,0.074,0,0,464.088,0,2,1,0,1000,81,0.076,existing
p2341,m1643,m2343,2,0.051,0,0,218.209,0,2,1,0,1000,54,0.086,existing
p2337,m1697,m2339,5,0.051,0,0,260.123,0,2,1,0,1000,38,0.086,existing
p2079,m762,m1938,2,0.131,0,0,2163.934,0,2,1,0,1000,80,0.063,existing
p2074,m2075,m2077,1,0.150,0,0,5469.216,0,2,1,0,1000,26,0.060,existing
p2070,m1462,m2072,2,0.102,0,0,1198.087,0,2,1,0,1000,70,0.068,existing
p2065,m2066,m2068,9,0.131,0,0,1304.901,0,2,1,0,1000,220,0.063,existing
p1804,m1364,m1806,3,0.131,0,0,1342.015,0,2,1,0,1000,208,0.063,existing
p1800,m607,m1802,12,0.164,0,0,1312.696,0,2,1,0,1000,717,0.059,existing
p1797,m137,m1326,7,0.102,0,0,680.468,0,2,1,0,1000,217,0.068,existing
p1792,m1793,m1795,7,0.131,0,0,1837.078,0,2,1,0,1000,111,0.063,existing
p1533,m1534,m1422,13,0.131,0,0,1766.845,0,2,1,0,1000,120,0.063,existing
p1528,m1529,m1531,2,0.164,0,0,1999.607,0,2,1,0,1000,309,0.059,existing
p1523,m1524,m1526,2,0.074,0,0,750.173,0,2,1,0,1000,31,0.076,existing
p1263,m1264,m238,2,0.250,0,0,8981.517,0,2,1,0,1000,147,0.051,existing
p1258,m1259,m1261,2,0.229,0,0,4859.189,0,2,1,0,1000,316,0.052,existing
p1249,m517,m1251,4,0.102,0,0,900.174,0,2,1,0,1000,124,0.068,existing
p988,m989,m991,2,0.131,0,0,2823.190,0,2,1,0,1000,47,0.063,existing
p984,m985,m784,7,0.051,0,0,148.244,0,2,1,0,1000,117,0.086,existing
p979,m980,m982,2,0.164,0,0,5360.306,0,2,1,0,1000,43,0.059,existing
p717,m718,m720,8,0.074,0,0,530.453,0,2,1,0,1000,62,0.076,existing
p714,m660,m298,9,0.131,0,0,1087.075,0,2,1,0,1000,317,0.063,existing
p710,m443,m712,2,0.131,0,0,3657.716,0,2,1,0,1000,28,0.063,existing
p705,m706,m708,2,0.125,0,0,1540.107,0,2,1,0,1000,124,0.064,existing
p445,m409,m447,2,0.131,0,0,2124.467,0,2,1,0,1000,83,0.063,existing
p440,m441,m443,2,0.102,0,0,677.353,0,2,1,0,1000,219,0.068,existing
p435,m436,m438,6,0.131,0,0,1539.786,0,2,1,0,1000,158,0.063,existing
p174,m175,m177,9,0.102,0,0,495.046,0,2,1,0,1000,410,0.068,existing
p169,m170,m172,2,0.074,0,0,482.294,0,2,1,0,1000,75,0.076,existing
p164,m165,m167,2,0.131,0,0,1284.624,0,2,1,0,1000,227,0.063,existing
p30102,m264,m30100,3,0.164,0,0,2796.374,0,2,1,0,1000,158,0.059,existing
p30105,m2593,m30100,3,0.131,0,0,6120.530,0,2,1,0,1000,10,0.063,existing
p5086,m2188,m5088,8,0.041,0,0,125.019,0,2,1,0,1000,48,0.093,existing
p5083,m238,m2472,2,0.131,0,0,3099.251,0,2,1,0,1000,39,0.063,existing
p5080,m1123,m3883,2,0.131,0,0,2017.879,0,2,1,0,1000,92,0.063,existing
p5076,m2629,m5078,9,0.074,0,0,407.613,0,2,1,0,1000,105,0.076,existing
p5072,m2680,m5074,2,0.074,0,0,475.989,0,2,1,0,1000,77,0.076,existing
p4813,m539,m2753,4,0.131,0,0,1759.529,0,2,1,0,1000,121,0.063,existing
p4806,m3883,m2604,2,0.131,0,0,4997.392,0,2,1,0,1000,15,0.063,existing
p4803,m2075,m630,1,0.324,0,0,3480.785,0,2,1,0,1000,3895,0.047,existing
p4800,m507,m4560,2,0.184,0,0,5628.005,0,2,1,0,1000,73,0.056,existing
p4543,m363,m1639,2,0.102,0,0,540.453,0,2,1,0,1000,344,0.068,existing
p4540,m4254,m443,2,0.150,0,0,3061.066,0,2,1,0,1000,83,0.060,existing
p4536,m4537,m674,5,0.051,0,0,292.758,0,2,1,0,1000,30,0.086,existing
p4533,m1373,m2252,2,0.164,0,0,8787.469,0,2,1,0,1000,16,0.059,existing
p4530,m3279,m1689,1,0.324,0,0,10263.415,0,2,1,0,1000,448,0.047,existing
p4269,m1233,m4032,7,0.164,0,0,2425.572,0,2,1,0,1000,210,0.059,existing
p4266,m1186,m554,8,0.131,0,0,4561.973,0,2,1,0,1000,18,0.063,existing
p4262,m701,m4264,9,0.102,0,0,773.362,0,2,1,0,1000,168,0.068,existing
p4259,m3395,m160,2,0.131,0,0,3139.765,0,2,1,0,1000,38,0.063,existing
p4256,m2040,m636,2,0.164,0,0,10146.896,0,2,1,0,1000,12,0.059,existing
p3999,m2856,m4001,7,0.131,0,0,906.372,0,2,1,0,1000,456,0.063,existing
p3995,m3996,m999,10,0.131,0,0,1985.762,0,2,1,0,1000,95,0.063,existing
p3992,m3543,m497,3,0.131,0,0,1506.770,0,2,1,0,1000,165,0.063,existing
p3988,m1068,m3990,3,0.131,0,0,2563.608,0,2,1,0,1000,57,0.063,existing
p3985,m296,m3723,9,0.131,0,0,1219.239,0,2,1,0,1000,252,0.063,existing
p3727,m1016,m3729,6,0.074,0,0,303.817,0,2,1,0,1000,189,0.076,existing
p3722,m3723,m3725,9,0.102,0,0,832.441,0,2,1,0,1000,145,0.068,existing
p3719,m2411,m2937,2,0.102,0,0,862.721,0,2,1,0,1000,135,0.068,existing
p3716,m3240,m668,2,0.131,0,0,1862.418,0,2,1,0,1000,108,0.063,existing
p3713,m355,m1736,1,0.324,0,0,5879.827,0,2,1,0,1000,1365,0.047,existing
p3453,m3085,m1473,2,0.131,0,0,1175.721,0,2,1,0,1000,271,0.063,existing
p3450,m414,m2242,13,0.184,0,0,3789.684,0,2,1,0,1000,161,0.056,existing
p3446,m3447,m1210,8,0.051,0,0,191.655,0,2,1,0,1000,70,0.086,existing
p3443,m313,m229,12,0.229,0,0,2722.028,0,2,1,0,1000,1007,0.052,existing
p3182,m3183,m1524,2,0.074,0,0,407.613,0,2,1,0,1000,105,0.076,existing
p3177,m3178,m3180,2,0.074,0,0,419.783,0,2,1,0,1000,99,0.076,existing
p3173,m471,m3175,2,0.102,0,0,1511.162,0,2,1,0,1000,44,0.068,existing
p3170,m115,m2522,3,0.131,0,0,1647.591,0,2,1,0,1000,138,0.063,existing
p2911,m1324,m602,7,0.164,0,0,4294.241,0,2,1,0,1000,67,0.059,existing
p2908,m132,m566,2,0.164,0,0,3059.404,0,2,1,0,1000,132,0.059,existing
p2904,m2242,m2906,13,0.164,0,0,2672.396,0,2,1,0,1000,173,0.059,existing
p2900,m2901,m1950,2,0.102,0,0,1093.699,0,2,1,0,1000,84,0.068,existing
p2897,m2758,m2593,3,0.168,0,0,4406.666,0,2,1,0,1000,74,0.058,existing
p2636,m2637,m2556,7,0.131,0,0,2853.712,0,2,1,0,1000,46,0.063,existing
p2631,m2632,m2634,1,0.273,0,0,6711.110,0,2,1,0,1000,421,0.049,existing
p2627,m977,m2629,9,0.102,0,0,1494.277,0,2,1,0,1000,45,0.068,existing
p2367,m1684,m2369,2,0.102,0,0,955.743,0,2,1,0,1000,110,0.068,existing
p2363,m561,m2365,1,0.074,0,0,615.834,0,2,1,0,1000,46,0.076,existing
p2359,m2360,m1972,8,0.102,0,0,951.428,0,2,1,0,1000,111,0.068,existing
p2354,m2355,m2357,3,0.131,0,0,2364.567,0,2,1,0,1000,67,0.063,existing
p2095,m2096,m2098,1,0.141,0,0,1122.177,0,2,1,0,1000,444,0.061,existing
p2090,m2091,m2093,2,0.164,0,0,5360.306,0,2,1,0,1000,43,0.059,existing
p2087,m500,m1212,8,0.102,0,0,1243.314,0,2,1,0,1000,65,0.068,existing
p2082,m2083,m2085,11,0.102,0,0,1431.988,0,2,1,0,1000,49,0.068,existing
p1823,m1824,m1826,13,0.184,0,0,7699.873,0,2,1,0,1000,39,0.056,existing
p1818,m1819,m1821,2,0.164,0,0,9075.659,0,2,1,0,1000,15,0.059,existing
p1813,m1814,m1816,2,0.102,0,0,1446.828,0,2,1,0,1000,48,0.068,existing
p1808,m1809,m1811,1,0.102,0,0,797.460,0,2,1,0,1000,158,0.068,existing
p1550,m1378,m1552,2,0.051,0,0,226.770,0,2,1,0,1000,50,0.086,existing
p1545,m1546,m1548,2,0.131,0,0,1907.087,0,2,1,0,1000,103,0.063,existing
p1542,m1282,m1345,2,0.200,0,0,4675.625,0,2,1,0,1000,165,0.055,existing
p1537,m1538,m1540,10,0.074,0,0,775.610,0,2,1,0,1000,29,0.076,existing
p1279,m1280,m1282,2,0.131,0,0,1580.314,0,2,1,0,1000,150,0.063,existing
p1276,m1261,m522,2,0.164,0,0,6527.168,0,2,1,0,1000,29,0.059,existing
p1271,m1272,m1274,2,0.074,0,0,579.216,0,2,1,0,1000,52,0.076,existing
p1267,m1268,m1205,13,0.131,0,0,2684.030,0,2,1,0,1000,52,0.063,existing
p1003,m1004,m1006,7,0.102,0,0,526.119,0,2,1,0,1000,363,0.068,existing
p998,m999,m1001,10,0.164,0,0,6118.808,0,2,1,0,1000,33,0.059,existing
p993,m994,m996,2,0.074,0,0,424.089,0,2,1,0,1000,97,0.076,existing
p735,m736,m334,2,0.150,0,0,2484.428,0,2,1,0,1000,126,0.060,existing
p731,m732,m224,7,0.164,0,0,2053.478,0,2,1,0,1000,293,0.059,existing
p726,m727,m729,7,0.200,0,0,6800.399,0,2,1,0,1000,78,0.055,existing
p722,m532,m724,5,0.102,0,0,1894.342,0,2,1,0,1000,28,0.068,existing
p463,m464,m466,2,0.051,0,0,176.007,0,2,1,0,1000,83,0.086,existing
p458,m459,m461,7,0.164,0,0,1626.542,0,2,1,0,1000,467,0.059,existing
p454,m231,m456,12,0.229,0,0,1717.983,0,2,1,0,1000,2528,0.052,existing
p449,m450,m452,2,0.102,0,0,651.123,0,2,1,0,1000,237,0.068,existing
p189,m190,m100,4,0.131,0,0,3271.561,0,2,1,0,1000,35,0.063,existing
p184,m185,m187,11,0.102,0,0,1050.792,0,2,1,0,1000,91,0.068,existing
p179,m180,m182,3,0.131,0,0,3724.836,0,2,1,0,1000,27,0.063,existing
p30115,m3801,m30112,2,0.164,0,0,3047.881,0,2,1,0,1000,133,0.059,existing
p30118,m4435,m30112,2,0.131,0,0,4035.758,0,2,1,0,1000,23,0.063,existing
p5100,m950,m5102,8,0.074,0,0,445.247,0,2,1,0,1000,88,0.076,existing
p5097,m1687,m1689,1,0.324,0,0,19667.582,0,2,1,0,1000,122,0.047,existing
p5094,m2195,m1863,7,0.164,0,0,4921.967,0,2,1,0,1000,51,0.059,existing
p5090,m1227,m5092,2,0.051,0,0,303.034,0,2,1,0,1000,28,0.086,existing
p4827,m4828,m4830,8,0.074,0,0,506.510,0,2,1,0,1000,68,0.076,existing
p4823,m2505,m4825,2,0.150,0,0,2578.213,0,2,1,0,1000,117,0.060,existing
p4820,m505,m3105,2,0.131,0,0,1249.348,0,2,1,0,1000,240,0.063,existing
p4816,m4817,m770,2,0.176,0,0,7955.212,0,2,1,0,1000,29,0.057,existing
p4559,m4560,m1385,2,0.184,0,0,7603.016,0,2,1,0,1000,40,0.056,existing
p4555,m4556,m1449,1,0.168,0,0,10131.225,0,2,1,0,1000,14,0.058,existing
p4552,m1444,m3314,13,0.102,0,0,1120.708,0,2,1,0,1000,80,0.068,existing
p4549,m1816,m2478,2,0.051,0,0,171.914,0,2,1,0,1000,87,0.086,existing
p4546,m972,m3484,2,0.131,0,0,6120.530,0,2,1,0,1000,10,0.063,existing
p4287,m1883,m1788,5,0.074,0,0,579.216,0,2,1,0,1000,52,0.076,existing
p4283,m4082,m4285,7,0.051,0,0,283.462,0,2,1,0,1000,32,0.086,existing
p4279,m4280,m505,2,0.131,0,0,2051.606,0,2,1,0,1000,89,0.063,existing
p4276,m390,m1108,7,0.205,0,0,6802.607,0,2,1,0,1000,88,0.054,existing
p4272,m3281,m4274,1,0.250,0,0,17217.829,0,2,1,0,1000,40,0.051,existing
p4013,m4014,m3961,2,0.051,0,0,229.136,0,2,1,0,1000,46,0.086,existing
p4010,m2694,m1816,2,0.102,0,0,1446.828,0,2,1,0,1000,48,0.068,existing
p4007,m2920,m1039,14,0.164,0,0,2770.198,0,2,1,0,1000,161,0.059,existing
p4003,m2302,m4005,9,0.102,0,0,546.037,0,2,1,0,1000,337,0.068,existing
p3741,m3742,m3744,3,0.074,0,0,543.772,0,2,1,0,1000,59,0.076,existing
p3738,m344,m3496,2,0.131,0,0,1888.836,0,2,1,0,1000,105,0.063,existing
p3735,m3238,m1548,2,0.131,0,0,1326.170,0,2,1,0,1000,213,0.063,existing
p3731,m1821,m3733,2,0.164,0,0,2431.368,0,2,1,0,1000,209,0.059,existing
p3467,m3468,m3470,6,0.164,0,0,3568.929,0,2,1,0,1000,97,0.059,existing
p3463,m1457,m3465,4,0.102,0,0,1417.596,0,2,1,0,1000,50,0.068,existing
p3459,m211,m3461,2,0.131,0,0,1534.937,0,2,1,0,1000,159,0.063,existing
p3456,m1947,m2178,2,0.102,0,0,1446.828,0,2,1,0,1000,48,0.068,existing
p3199,m1319,m3201,2,0.102,0,0,714.174,0,2,1,0,1000,197,0.068,existing
p3194,m3195,m3197,13,0.102,0,0,514.216,0,2,1,0,1000,380,0.068,existing
p3190,m336,m3192,2,0.051,0,0,195.795,0,2,1,0,1000,63,0.086,existing
p3186,m3187,m2312,4,0.051,0,0,103.722,0,2,1,0,1000,239,0.086,existing
p2926,m2927,m2929,2,0.102,0,0,844.166,0,2,1,0,1000,141,0.068,existing
p2922,m2923,m1599,9,0.131,0,0,975.081,0,2,1,0,1000,394,0.063,existing
p2917,m2918,m2920,14,0.164,0,0,4428.468,0,2,1,0,1000,63,0.059,existing
p2914,m2487,m2075,1,0.324,0,0,3687.258,0,2,1,0,1000,3471,0.047,existing
p2652,m1097,m2654,8,0.074,0,0,762.574,0,2,1,0,1000,30,0.076,existing
p2649,m747,m110,2,0.131,0,0,1382.487,0,2,1,0,1000,196,0.063,existing
p2645,m1702,m2647,7,0.125,0,0,1778.362,0,2,1,0,1000,93,0.064,existing
p2640,m2641,m2643,6,0.102,0,0,1106.956,0,2,1,0,1000,82,0.068,existing
p2383,m2147,m397,3,0.074,0,0,208.579,0,2,1,0,1000,401,0.076,existing
p2379,m1581,m2381,3,0.051,0,0,222.366,0,2,1,0,1000,52,0.086,existing
p2376,m1513,m875,2,0.200,0,0,6066.925,0,2,1,0,1000,98,0.055,existing
p2371,m2372,m2374,2,0.200,0,0,4300.950,0,2,1,0,1000,195,0.055,existing
p2109,m87,m2111,5,0.102,0,0,1033.888,0,2,1,0,1000,94,0.068,existing
p2105,m1634,m2107,4,0.074,0,0,534.783,0,2,1,0,1000,61,0.076,existing
p2100,m2101,m2103,5,0.051,0,0,260.123,0,2,1,0,1000,38,0.086,existing
p1837,m1722,m1112,4,0.131,0,0,1259.891,0,2,1,0,1000,236,0.063,existing
p1832,m1833,m1835,2,0.131,0,0,3271.561,0,2,1,0,1000,35,0.063,existing
p1828,m1198,m1830,7,0.205,0,0,4605.387,0,2,1,0,1000,192,0.054,existing
p1566,m1117,m1029,4,0.102,0,0,1157.462,0,2,1,0,1000,75,0.068,existing
p1562,m774,m1564,1,0.131,0,0,547.437,0,2,1,0,1000,1250,0.063,existing
p1557,m1558,m1560,2,0.102,0,0,960.117,0,2,1,0,1000,109,0.068,existing
p1554,m1147,m279,2,0.164,0,0,2832.458,0,2,1,0,1000,154,0.059,existing
p1291,m1292,m1294,3,0.074,0,0,421.919,0,2,1,0,1000,98,0.076,existing
p1287,m757,m1289,2,0.102,0,0,1929.104,0,2,1,0,1000,27,0.068,existing
p1284,m77,m883,2,0.184,0,0,3849.937,0,2,1,0,1000,156,0.056,existing
p1020,m1021,m105,6,0.102,0,0,478.415,0,2,1,0,1000,439,0.068,existing
p1015,m1016,m1018,6,0.102,0,0,926.711,0,2,1,0,1000,117,0.068,existing
p1011,m1012,m573,2,0.074,0,0,622.639,0,2,1,0,1000,45,0.076,existing
p1008,m196,m644,2,0.131,0,0,2658.588,0,2,1,0,1000,53,0.063,existing
p749,m750,m752,2,0.102,0,0,1626.094,0,2,1,0,1000,38,0.068,existing
p744,m745,m747,2,0.184,0,0,10752.288,0,2,1,0,1000,20,0.056,existing
p739,m740,m742,2,0.051,0,0,161.978,0,2,1,0,1000,98,0.086,existing
p478,m97,m170,2,0.184,0,0,8636.446,0,2,1,0,1000,31,0.056,existing
p473,m474,m476,2,0.131,0,0,1804.846,0,2,1,0,1000,115,0.063,existing
p468,m469,m471,2,0.102,0,0,1390.067,0,2,1,0,1000,52,0.068,existing
p203,m204,m206,3,0.168,0,0,10513.670,0,2,1,0,1000,13,0.058,existing
p198,m199,m201,2,0.125,0,0,2291.752,0,2,1,0,1000,56,0.064,existing
p193,m194,m196,2,0.074,0,0,440.272,0,2,1,0,1000,90,0.076,existing
p30128,m1254,m30125,1,0.164,0,0,3351.409,0,2,1,0,1000,110,0.059,existing
p30131,m1256,m30125,1,0.074,0,0,2411.470,0,2,1,0,1000,3,0.076,existing
p5118,m2565,m727,7,0.184,0,0,4049.546,0,2,1,0,1000,141,0.056,existing
p5115,m1307,m4180,2,0.184,0,0,6425.721,0,2,1,0,1000,56,0.056,existing
p5112,m117,m72,3,0.131,0,0,1665.797,0,2,1,0,1000,135,0.063,existing
p5108,m67,m5110,1,0.102,0,0,2362.660,0,2,1,0,1000,18,0.068,existing
p5104,m4297,m5106,2,0.131,0,0,1975.392,0,2,1,0,1000,96,0.063,existing
p4844,m1349,m4846,4,0.102,0,0,818.449,0,2,1,0,1000,150,0.068,existing
p4841,m1788,m3435,5,0.102,0,0,771.070,0,2,1,0,1000,169,0.068,existing
p4838,m2998,m1793,7,0.131,0,0,1323.068,0,2,1,0,1000,214,0.063,existing
p4835,m1142,m3919,7,0.164,0,0,2860.456,0,2,1,0,1000,151,0.059,existing
p4832,m3632,m2424,2,0.229,0,0,12339.833,0,2,1,0,1000,49,0.052,existing
p4574,m4575,m1682,2,0.131,0,0,1717.462,0,2,1,0,1000,127,0.063,existing
p4570,m4571,m2111,5,0.074,0,0,366.329,0,2,1,0,1000,130,0.076,existing
p4567,m742,m3238,2,0.102,0,0,1327.700,0,2,1,0,1000,57,0.068,existing
p4563,m4564,m4070,20,0.164,0,0,5557.684,0,2,1,0,1000,40,0.059,existing
p4300,m4247,m4302,2,0.070,0,0,443.107,0,2,1,0,1000,68,0.078,existing
p4296,m4297,m3488,2,0.074,0,0,1078.442,0,2,1,0,1000,15,0.076,existing
p4293,m3381,m1305,2,0.200,0,0,5415.382,0,2,1,0,1000,123,0.055,existing
p4290,m3232,m750,2,0.164,0,0,6028.154,0,2,1,0,1000,34,0.059,existing
p4031,m4032,m1324,7,0.164,0,0,1837.314,0,2,1,0,1000,366,0.059,existing
p4028,m679,m1943,7,0.131,0,0,1820.748,0,2,1,0,1000,113,0.063,existing
p4024,m4025,m257,1,0.102,0,0,1033.888,0,2,1,0,1000,94,0.068,existing
p4020,m120,m4022,2,0.074,0,0,510.276,0,2,1,0,1000,67,0.076,existing
p4017,m3195,m1504,13,0.164,0,0,1868.195,0,2,1,0,1000,354,0.059,existing
p3757,m3758,m1994,7,0.200,0,0,13429.711,0,2,1,0,1000,20,0.055,existing
p3753,m262,m3755,3,0.074,0,0,366.329,0,2,1,0,1000,130,0.076,existing
p3749,m2360,m3751,8,0.102,0,0,947.171,0,2,1,0,1000,112,0.068,existing
p3746,m2528,m2641,6,0.131,0,0,1020.088,0,2,1,0,1000,360,0.063,existing
p3487,m3488,m474,2,0.131,0,0,1415.364,0,2,1,0,1000,187,0.063,existing
p3483,m3484,m3364,2,0.102,0,0,1647.922,0,2,1,0,1000,37,0.068,existing
p3479,m2323,m3481,4,0.131,0,0,2265.310,0,2,1,0,1000,73,0.063,existing
p3475,m1354,m3477,4,0.131,0,0,2249.951,0,2,1,0,1000,74,0.063,existing
p3472,m404,m950,8,0.102,0,0,432.564,0,2,1,0,1000,537,0.068,existing
p3213,m3214,m3216,2,0.164,0,0,3463.420,0,2,1,0,1000,103,0.059,existing
p3209,m1391,m3211,7,0.200,0,0,3783.393,0,2,1,0,1000,252,0.055,existing
p3206,m885,m3051,2,0.200,0,0,5371.885,0,2,1,0,1000,125,0.055,existing
p3203,m1497,m1809,1,0.131,0,0,2249.951,0,2,1,0,1000,74,0.063,existing
p2940,m866,m2942,2,0.102,0,0,1417.596,0,2,1,0,1000,50,0.068,existing
p2936,m2937,m1841,2,0.150,0,0,3157.653,0,2,1,0,1000,78,0.060,existing
p2931,m2932,m2934,2,0.150,0,0,3795.027,0,2,1,0,1000,54,0.060,existing
p2671,m2360,m2673,8,0.074,0,0,405.686,0,2,1,0,1000,106,0.076,existing
p2667,m165,m2669,2,0.102,0,0,841.188,0,2,1,0,1000,142,0.068,existing
p2663,m994,m2665,2,0.074,0,0,495.694,0,2,1,0,1000,71,0.076,existing
p2660,m1431,m447,2,0.102,0,0,829.585,0,2,1,0,1000,146,0.068,existing
p2656,m2657,m1315,7,0.131,0,0,1484.446,0,2,1,0,1000,170,0.063,existing
p2397,m1879,m765,2,0.074,0,0,363.543,0,2,1,0,1000,132,0.076,existing
p2393,m2394,m1958,13,0.074,0,0,316.642,0,2,1,0,1000,174,0.076,existing
p2390,m443,m1173,2,0.131,0,0,3181.912,0,2,1,0,1000,37,0.063,existing
p2386,m795,m2388,2,0.131,0,0,2313.343,0,2,1,0,1000,70,0.063,existing
p2124,m2125,m1639,2,0.102,0,0,1670.653,0,2,1,0,1000,36,0.068,existing
p2121,m1871,m975,9,0.131,0,0,1175.721,0,2,1,0,1000,271,0.063,existing
p2117,m1529,m2119,2,0.051,0,0,143.999,0,2,1,0,1000,124,0.086,existing
p2113,m2114,m1186,8,0.131,0,0,1054.324,0,2,1,0,1000,337,0.063,existing
p1854,m1001,m1856,10,0.131,0,0,2633.857,0,2,1,0,1000,54,0.063,existing
p1849,m1850,m1852,7,0.125,0,0,4950.751,0,2,1,0,1000,12,0.064,existing
p1844,m1845,m1847,2,0.051,0,0,142.851,0,2,1,0,1000,126,0.086,existing
p1840,m1841,m1297,2,0.200,0,0,17337.683,0,2,1,0,1000,12,0.055,existing
p1583,m1584,m972,2,0.131,0,0,1345.253,0,2,1,0,1000,207,0.063,existing
p1578,m1579,m1581,3,0.074,0,0,615.834,0,2,1,0,1000,46,0.076,existing
p1574,m1572,m1576,15,0.110,0,0,685.085,0,2,1,0,1000,320,0.067,existing
p1309,m1310,m1312,2,0.080,0,0,716.589,0,2,1,0,1000,53,0.074,existing
p1304,m1305,m1307,2,0.184,0,0,3677.205,0,2,1,0,1000,171,0.056,existing
p1300,m417,m1302,9,0.051,0,0,256.766,0,2,1,0,1000,39,0.086,existing
p1296,m1297,m219,2,0.200,0,0,8328.753,0,2,1,0,1000,52,0.055,existing
p1038,m1039,m1041,14,0.164,0,0,2703.837,0,2,1,0,1000,169,0.059,existing
p1033,m1034,m1036,8,0.051,0,0,236.424,0,2,1,0,1000,46,0.086,existing
p1028,m1029,m1031,4,0.074,0,0,762.574,0,2,1,0,1000,30,0.076,existing
p1024,m1025,m482,5,0.102,0,0,1647.922,0,2,1,0,1000,37,0.068,existing
p764,m765,m767,2,0.102,0,0,1417.596,0,2,1,0,1000,50,0.068,existing
p759,m760,m762,2,0.102,0,0,1157.462,0,2,1,0,1000,75,0.068,existing
p754,m755,m757,2,0.131,0,0,1209.676,0,2,1,0,1000,256,0.063,existing
p494,m495,m497,3,0.131,0,0,1945.232,0,2,1,0,1000,99,0.063,existing
p490,m287,m25471,6,0.164,0,0,2591.283,0,2,1,0,1000,184,0.059,existing
p486,m487,m140,8,0.074,0,0,644.493,0,2,1,0,1000,42,0.076,existing
p481,m482,m484,5,0.102,0,0,1376.891,0,2,1,0,1000,53,0.068,existing
p223,m224,m226,7,0.184,0,0,3234.594,0,2,1,0,1000,221,0.056,existing
p218,m219,m221,2,0.200,0,0,5329.418,0,2,1,0,1000,127,0.055,existing
p213,m214,m216,4,0.131,0,0,4035.758,0,2,1,0,1000,23,0.063,existing
p208,m209,m211,2,0.131,0,0,3225.802,0,2,1,0,1000,36,0.063,existing
p25531,m25526,m1873,9,0.131,0,0,1641.654,0,2,1,0,1000,139,0.063,existing
p25528,m1871,m25526,9,0.131,0,0,1544.682,0,2,1,0,1000,157,0.063,existing
p5133,m4828,m952,8,0.074,0,0,348.066,0,2,1,0,1000,144,0.076,existing
p5130,m2657,m2350,7,0.102,0,0,969.049,0,2,1,0,1000,107,0.068,existing
p5127,m484,m532,5,0.102,0,0,1431.988,0,2,1,0,1000,49,0.068,existing
p5124,m952,m2972,8,0.131,0,0,1124.976,0,2,1,0,1000,296,0.063,existing
p5121,m3250,m2824,2,0.164,0,0,2491.709,0,2,1,0,1000,199,0.059,existing
p4862,m1006,m1402,7,0.131,0,0,2296.994,0,2,1,0,1000,71,0.063,existing
p4858,m3894,m4860,9,0.184,0,0,11333.907,0,2,1,0,1000,18,0.056,existing
p4854,m4855,m1231,7,0.102,0,0,1074.677,0,2,1,0,1000,87,0.068,existing
p4851,m765,m60,2,0.102,0,0,1417.596,0,2,1,0,1000,50,0.068,existing
p4848,m1205,m2217,13,0.131,0,0,1246.753,0,2,1,0,1000,241,0.063,existing
p4588,m4589,m1722,4,0.131,0,0,4223.567,0,2,1,0,1000,21,0.063,existing
p4585,m1272,m2061,2,0.102,0,0,1134.985,0,2,1,0,1000,78,0.068,existing
p4582,m2771,m2932,2,0.150,0,0,6235.865,0,2,1,0,1000,20,0.060,existing
p4578,m1136,m4580,13,0.131,0,0,3319.323,0,2,1,0,1000,34,0.063,existing
p4318,m776,m4320,1,0.051,0,0,207.011,0,2,1,0,1000,60,0.086,existing
p4315,m1795,m2022,7,0.131,0,0,1152.562,0,2,1,0,1000,282,0.063,existing
p4311,m3744,m4313,3,0.074,0,0,433.113,0,2,1,0,1000,93,0.076,existing
p4307,m3058,m4309,7,0.074,0,0,343.330,0,2,1,0,1000,148,0.076,existing
p4304,m3007,m3214,2,0.164,0,0,5858.313,0,2,1,0,1000,36,0.059,existing
p4046,m549,m2833,7,0.131,0,0,1382.487,0,2,1,0,1000,196,0.063,existing
p4043,m1063,m2298,7,0.125,0,0,1368.711,0,2,1,0,1000,157,0.064,existing
p4039,m2775,m4041,4,0.131,0,0,2458.064,0,2,1,0,1000,62,0.063,existing
p4035,m2333,m4037,13,0.074,0,0,430.803,0,2,1,0,1000,94,0.076,existing
p3774,m259,m1256,1,0.324,0,0,5397.260,0,2,1,0,1000,1620,0.047,existing
p3770,m1938,m3772,2,0.074,0,0,417.679,0,2,1,0,1000,100,0.076,existing
p3767,m834,m2611,2,0.131,0,0,2793.627,0,2,1,0,1000,48,0.063,existing
p3764,m2171,m767,2,0.102,0,0,1068.553,0,2,1,0,1000,88,0.068,existing
p3761,m679,m3263,7,0.200,0,0,4871.468,0,2,1,0,1000,152,0.055,existing
p3503,m145,m3505,9,0.102,0,0,865.934,0,2,1,0,1000,134,0.068,existing
p3500,m2891,m912,1,0.102,0,0,900.174,0,2,1,0,1000,124,0.068,existing
p3495,m3496,m3498,2,0.131,0,0,2633.857,0,2,1,0,1000,54,0.063,existing
p3491,m3275,m3493,8,0.074,0,0,265.763,0,2,1,0,1000,247,0.076,existing
p3230,m1092,m3232,2,0.164,0,0,2657.081,0,2,1,0,1000,175,0.059,existing
p3222,m1504,m3228,13,0.184,0,0,5040.750,0,2,1,0,1000,91,0.056,existing
p3218,m2654,m3220,8,0.102,0,0,723.414,0,2,1,0,1000,192,0.068,existing
p2958,m1579,m2960,3,0.051,0,0,212.389,0,2,1,0,1000,57,0.086,existing
p2955,m1112,m653,4,0.131,0,0,1182.283,0,2,1,0,1000,268,0.063,existing
p2951,m2137,m2953,2,0.131,0,0,2099.324,0,2,1,0,1000,85,0.063,existing
p2948,m1689,m55,1,0.273,0,0,2365.722,0,2,1,0,1000,3388,0.049,existing
p2944,m2920,m2946,14,0.051,0,0,220.258,0,2,1,0,1000,53,0.086,existing
p2687,m2688,m115,3,0.102,0,0,2362.660,0,2,1,0,1000,18,0.068,existing
p2683,m837,m2685,7,0.102,0,0,821.191,0,2,1,0,1000,149,0.068,existing
p2679,m2680,m2457,2,0.102,0,0,1173.211,0,2,1,0,1000,73,0.068,existing
p2675,m1524,m2677,2,0.074,0,0,622.639,0,2,1,0,1000,45,0.076,existing
p2413,m112,m2415,2,0.131,0,0,1812.744,0,2,1,0,1000,114,0.063,existing
p2408,m2409,m2411,2,0.051,0,0,274.999,0,2,1,0,1000,34,0.086,existing
p2404,m2405,m1824,13,0.051,0,0,198.890,0,2,1,0,1000,65,0.086,existing
p2400,m655,m2402,4,0.102,0,0,1327.700,0,2,1,0,1000,57,0.068,existing
p2141,m781,m199,2,0.164,0,0,2909.025,0,2,1,0,1000,146,0.059,existing
p2136,m2137,m2139,2,0.131,0,0,2017.879,0,2,1,0,1000,92,0.063,existing
p2132,m2133,m1659,2,0.102,0,0,900.174,0,2,1,0,1000,124,0.068,existing
p2128,m1856,m2130,10,0.131,0,0,1530.132,0,2,1,0,1000,160,0.063,existing
p1866,m845,m1868,3,0.074,0,0,522.099,0,2,1,0,1000,64,0.076,existing
p1862,m1863,m1231,7,0.164,0,0,3954.670,0,2,1,0,1000,79,0.059,existing
p1858,m117,m1860,3,0.074,0,0,573.726,0,2,1,0,1000,53,0.076,existing
p1598,m1599,m1601,9,0.131,0,0,2478.130,0,2,1,0,1000,61,0.063,existing
p1595,m1212,m798,8,0.102,0,0,1056.614,0,2,1,0,1000,90,0.068,existing
p1591,m1424,m1593,13,0.074,0,0,415.606,0,2,1,0,1000,101,0.076,existing
p1587,m1359,m1589,4,0.131,0,0,1092.255,0,2,1,0,1000,314,0.063,existing
p1323,m1324,m1326,7,0.131,0,0,1442.623,0,2,1,0,1000,180,0.063,existing
p1318,m1319,m1321,2,0.102,0,0,1605.111,0,2,1,0,1000,39,0.068,existing
p1314,m1315,m1006,7,0.131,0,0,1659.662,0,2,1,0,1000,136,0.063,existing
p1053,m1054,m1056,2,0.200,0,0,11350.178,0,2,1,0,1000,28,0.055,existing
p1048,m1049,m1051,2,0.131,0,0,2234.901,0,2,1,0,1000,75,0.063,existing
p1043,m1044,m1046,13,0.102,0,0,1364.082,0,2,1,0,1000,54,0.068,existing
p783,m784,m786,7,0.102,0,0,934.735,0,2,1,0,1000,115,0.068,existing
p778,m779,m781,2,0.125,0,0,5170.891,0,2,1,0,1000,11,0.064,existing
p773,m774,m776,1,0.074,0,0,413.564,0,2,1,0,1000,102,0.076,existing
p769,m770,m745,2,0.164,0,0,7329.256,0,2,1,0,1000,23,0.059,existing
p509,m510,m512,7,0.100,0,0,997.043,0,2,1,0,1000,90,0.069,existing
p504,m505,m507,2,0.131,0,0,2986.513,0,2,1,0,1000,42,0.063,existing
p499,m500,m502,8,0.051,0,0,224.535,0,2,1,0,1000,51,0.086,existing
p237,m238,m240,2,0.250,0,0,6590.632,0,2,1,0,1000,273,0.051,existing
p228,m229,m231,12,0.250,0,0,1714.299,0,2,1,0,1000,4035,0.051,existing
p5150,m3723,m5152,9,0.131,0,0,2419.352,0,2,1,0,1000,64,0.063,existing
p5146,m2487,m5148,1,0.164,0,0,1900.688,0,2,1,0,1000,342,0.059,existing
p5143,m3514,m1478,16,0.229,0,0,7695.238,0,2,1,0,1000,126,0.052,existing
p5140,m1147,m1833,2,0.131,0,0,1525.373,0,2,1,0,1000,161,0.063,existing
p5136,m590,m5138,1,0.219,0,0,4216.555,0,2,1,0,1000,330,0.053,existing
p4879,m1905,m4426,6,0.131,0,0,2541.412,0,2,1,0,1000,58,0.063,existing
p4875,m3496,m4877,2,0.051,0,0,267.251,0,2,1,0,1000,36,0.086,existing
p4871,m4872,m4855,7,0.131,0,0,1925.876,0,2,1,0,1000,101,0.063,existing
p4868,m1764,m1029,4,0.074,0,0,819.136,0,2,1,0,1000,26,0.076,existing
p4865,m2235,m1145,2,0.200,0,0,12523.270,0,2,1,0,1000,23,0.055,existing
p4605,m471,m4607,2,0.074,0,0,573.726,0,2,1,0,1000,53,0.076,existing
p4600,m4601,m4603,4,0.102,0,0,1744.940,0,2,1,0,1000,33,0.068,existing
p4596,m4597,m2257,2,0.131,0,0,1520.658,0,2,1,0,1000,162,0.063,existing
p4592,m4593,m1090,2,0.074,0,0,933.958,0,2,1,0,1000,20,0.076,existing
p4335,m2932,m4014,2,0.050,0,0,413.158,0,2,1,0,1000,13,0.087,existing
p4332,m2923,m2068,9,0.131,0,0,1585.608,0,2,1,0,1000,149,0.063,existing
p4328,m4329,m1706,2,0.250,0,0,12658.799,0,2,1,0,1000,74,0.051,existing
p4325,m970,m2418,2,0.074,0,0,362.174,0,2,1,0,1000,133,0.076,existing
p4322,m2031,m252,7,0.200,0,0,4903.837,0,2,1,0,1000,150,0.055,existing
p4062,m2068,m4064,9,0.102,0,0,751.324,0,2,1,0,1000,178,0.068,existing
p4057,m4058,m4060,13,0.102,0,0,520.416,0,2,1,0,1000,371,0.068,existing
p4053,m110,m4055,2,0.102,0,0,1605.111,0,2,1,0,1000,39,0.068,existing
p4049,m2874,m4051,2,0.074,0,0,506.510,0,2,1,0,1000,68,0.076,existing
p3790,m2987,m1634,4,0.102,0,0,470.446,0,2,1,0,1000,454,0.068,existing
p3787,m727,m1501,7,0.164,0,0,2879.590,0,2,1,0,1000,149,0.059,existing
p3783,m3214,m3785,2,0.164,0,0,2419.817,0,2,1,0,1000,211,0.059,existing
p3780,m2625,m2967,7,0.131,0,0,2633.857,0,2,1,0,1000,54,0.063,existing
p3777,m62,m692,2,0.250,0,0,11415.309,0,2,1,0,1000,91,0.051,existing
p3519,m1751,m2548,2,0.131,0,0,3022.714,0,2,1,0,1000,41,0.063,existing
p3516,m1173,m755,2,0.131,0,0,1759.529,0,2,1,0,1000,121,0.063,existing
p3512,m2814,m3514,16,0.184,0,0,3374.954,0,2,1,0,1000,203,0.056,existing
p3507,m3508,m3510,8,0.102,0,0,794.948,0,2,1,0,1000,159,0.068,existing
p3245,m221,m1645,2,0.200,0,0,16051.575,0,2,1,0,1000,14,0.055,existing
p3242,m989,m1999,2,0.131,0,0,2111.783,0,2,1,0,1000,84,0.063,existing
p3237,m3238,m3240,2,0.102,0,0,1565.473,0,2,1,0,1000,41,0.068,existing
p3234,m720,m859,8,0.131,0,0,2586.396,0,2,1,0,1000,56,0.063,existing
p2971,m2972,m2974,8,0.074,0,0,445.247,0,2,1,0,1000,88,0.076,existing
p2966,m2967,m2969,7,0.102,0,0,2362.660,0,2,1,0,1000,18,0.068,existing
p2962,m1018,m2964,6,0.102,0,0,1446.828,0,2,1,0,1000,48,0.068,existing
p2701,m898,m2703,2,0.102,0,0,575.859,0,2,1,0,1000,303,0.068,existing
p2696,m2697,m2699,2,0.074,0,0,615.834,0,2,1,0,1000,46,0.076,existing
p2691,m2692,m2694,2,0.051,0,0,308.594,0,2,1,0,1000,27,0.086,existing
p2429,m2430,m1196,7,0.205,0,0,5109.218,0,2,1,0,1000,156,0.054,existing
p2426,m712,m1078,2,0.131,0,0,2111.783,0,2,1,0,1000,84,0.063,existing
p2422,m1150,m2424,2,0.164,0,0,1827.355,0,2,1,0,1000,370,0.059,existing
p2417,m2418,m2420,2,0.041,0,0,189.010,0,2,1,0,1000,21,0.093,existing
p2158,m1156,m2160,12,0.131,0,0,1169.267,0,2,1,0,1000,274,0.063,existing
p2153,m2154,m2156,1,0.164,0,0,1247.422,0,2,1,0,1000,794,0.059,existing
p2149,m474,m2151,2,0.131,0,0,2586.396,0,2,1,0,1000,56,0.063,existing
p2144,m2145,m2147,3,0.074,0,0,372.098,0,2,1,0,1000,126,0.076,existing
p1887,m845,m70,3,0.164,0,0,9394.200,0,2,1,0,1000,14,0.059,existing
p1882,m1883,m1885,5,0.051,0,0,222.366,0,2,1,0,1000,52,0.086,existing
p1878,m1879,m60,2,0.250,0,0,11415.309,0,2,1,0,1000,91,0.051,existing
p1875,m447,m919,2,0.131,0,0,1935.481,0,2,1,0,1000,100,0.063,existing
p1612,m541,m1614,4,0.131,0,0,4838.704,0,2,1,0,1000,16,0.063,existing
p1608,m602,m1610,7,0.131,0,0,2364.567,0,2,1,0,1000,67,0.063,existing
p1603,m1604,m1606,17,0.102,0,0,455.163,0,2,1,0,1000,485,0.068,existing
p1343,m525,m1345,2,0.074,0,0,308.757,0,2,1,0,1000,183,0.076,existing
p1340,m360,m214,4,0.102,0,0,569.320,0,2,1,0,1000,310,0.068,existing
p1336,m1337,m837,7,0.102,0,0,1233.859,0,2,1,0,1000,66,0.068,existing
p1332,m1333,m1092,2,0.164,0,0,8063.935,0,2,1,0,1000,19,0.059,existing
p1328,m847,m1330,3,0.131,0,0,1173.558,0,2,1,0,1000,272,0.063,existing
p1067,m1068,m1070,3,0.074,0,0,543.772,0,2,1,0,1000,59,0.076,existing
p1062,m1063,m1065,7,0.200,0,0,12259.593,0,2,1,0,1000,24,0.055,existing
p1058,m646,m1060,2,0.250,0,0,11172.403,0,2,1,0,1000,95,0.051,existing
p797,m798,m800,8,0.102,0,0,1605.111,0,2,1,0,1000,39,0.068,existing
p793,m670,m795,2,0.125,0,0,896.440,0,2,1,0,1000,366,0.064,existing
p788,m789,m791,2,0.102,0,0,1243.314,0,2,1,0,1000,65,0.068,existing
p524,m525,m527,2,0.074,0,0,469.925,0,2,1,0,1000,79,0.076,existing
p519,m520,m522,2,0.131,0,0,2007.001,0,2,1,0,1000,93,0.063,existing
p514,m515,m517,4,0.074,0,0,363.543,0,2,1,0,1000,132,0.076,existing
p251,m252,m254,7,0.200,0,0,6439.054,0,2,1,0,1000,87,0.055,existing
p246,m247,m249,3,0.074,0,0,629.675,0,2,1,0,1000,44,0.076,existing
p242,m243,m132,2,0.164,0,0,7029.976,0,2,1,0,1000,25,0.059,existing
p5166,m3211,m1900,7,0.200,0,0,7029.432,0,2,1,0,1000,73,0.055,existing
p5162,m1978,m5164,4,0.051,0,0,222.366,0,2,1,0,1000,52,0.086,existing
p5157,m5158,m2816,16,0.102,0,0,1694.351,0,2,1,0,1000,35,0.068,existing
p5154,m4082,m1108,7,0.074,0,0,293.878,0,2,1,0,1000,202,0.076,existing
p4893,m2517,m267,3,0.131,0,0,1845.409,0,2,1,0,1000,110,0.063,existing
p4889,m1041,m4891,14,0.102,0,0,521.824,0,2,1,0,1000,369,0.068,existing
p4885,m1156,m4887,12,0.131,0,0,3099.251,0,2,1,0,1000,39,0.063,existing
p4882,m2460,m2508,7,0.102,0,0,1546.724,0,2,1,0,1000,42,0.068,existing
p4620,m1131,m4622,7,0.164,0,0,9394.200,0,2,1,0,1000,14,0.059,existing
p4616,m2808,m4618,2,0.074,0,0,453.036,0,2,1,0,1000,85,0.076,existing
p4613,m3477,m4358,4,0.131,0,0,1774.253,0,2,1,0,1000,119,0.063,existing
p4609,m469,m4611,2,0.125,0,0,2312.493,0,2,1,0,1000,55,0.064,existing
p4350,m1337,m2296,7,0.131,0,0,1008.939,0,2,1,0,1000,368,0.063,existing
p4347,m3114,m3250,2,0.164,0,0,2348.550,0,2,1,0,1000,224,0.059,existing
p4343,m373,m4345,4,0.102,0,0,915.054,0,2,1,0,1000,120,0.068,existing
p4338,m4339,m4341,8,0.074,0,0,294.608,0,2,1,0,1000,201,0.076,existing
p4077,m3461,m852,2,0.131,0,0,1332.440,0,2,1,0,1000,211,0.063,existing
p4074,m903,m960,2,0.074,0,0,775.610,0,2,1,0,1000,29,0.076,existing
p4069,m4070,m4072,20,0.131,0,0,1007.571,0,2,1,0,1000,369,0.063,existing
p4066,m1513,m75,2,0.200,0,0,16657.507,0,2,1,0,1000,13,0.055,existing
p3807,m1321,m3809,2,0.102,0,0,982.926,0,2,1,0,1000,104,0.068,existing
p3803,m2040,m3805,2,0.164,0,0,2634.595,0,2,1,0,1000,178,0.059,existing
p3799,m3376,m3801,2,0.164,0,0,4326.651,0,2,1,0,1000,66,0.059,existing
p3796,m341,m3388,7,0.200,0,0,12523.270,0,2,1,0,1000,23,0.055,existing
p3793,m2874,m1319,2,0.102,0,0,1189.620,0,2,1,0,1000,71,0.068,existing
p3532,m2211,m3534,2,0.229,0,0,10882.710,0,2,1,0,1000,63,0.052,existing
p3529,m784,m2856,7,0.074,0,0,442.739,0,2,1,0,1000,89,0.076,existing
p3526,m125,m1546,2,0.131,0,0,1871.101,0,2,1,0,1000,107,0.063,existing
p3522,m2035,m3524,15,0.051,0,0,121.912,0,2,1,0,1000,173,0.086,existing
p3262,m3263,m3265,7,0.164,0,0,6764.597,0,2,1,0,1000,27,0.059,existing
p3259,m2558,m510,7,0.200,0,0,8668.841,0,2,1,0,1000,48,0.055,existing
p3256,m1256,m65,1,0.324,0,0,25781.116,0,2,1,0,1000,71,0.047,existing
p3252,m1404,m3254,7,0.102,0,0,1351.625,0,2,1,0,1000,55,0.068,existing
p3248,m2929,m3250,2,0.131,0,0,1569.883,0,2,1,0,1000,152,0.063,existing
p2989,m684,m2991,9,0.102,0,0,659.525,0,2,1,0,1000,231,0.068,existing
p2985,m1117,m2987,4,0.131,0,0,1717.462,0,2,1,0,1000,127,0.063,existing
p2980,m2981,m2983,2,0.074,0,0,514.127,0,2,1,0,1000,66,0.076,existing
p2976,m924,m2978,2,0.131,0,0,2205.686,0,2,1,0,1000,77,0.063,existing
p2717,m2715,m52,1,0.102,0,0,2431.157,0,2,1,0,1000,17,0.068,existing
p2709,m336,m982,2,0.102,0,0,1830.108,0,2,1,0,1000,30,0.068,existing
p2705,m745,m2707,2,0.074,0,0,652.305,0,2,1,0,1000,41,0.076,existing
p2445,m1381,m2447,5,0.074,0,0,514.127,0,2,1,0,1000,66,0.076,existing
p2440,m2441,m2443,6,0.051,0,0,197.378,0,2,1,0,1000,66,0.086,existing
p2436,m206,m2438,3,0.100,0,0,712.982,0,2,1,0,1000,176,0.069,existing
p2433,m590,m2096,1,0.147,0,0,1298.737,0,2,1,0,1000,417,0.061,existing
p2173,m2174,m1538,10,0.131,0,0,1304.901,0,2,1,0,1000,220,0.063,existing
p2169,m1321,m2171,2,0.102,0,0,1316.205,0,2,1,0,1000,58,0.068,existing
p2166,m1289,m2091,2,0.131,0,0,2586.396,0,2,1,0,1000,56,0.063,existing
p2162,m1039,m2164,14,0.074,0,0,789.339,0,2,1,0,1000,28,0.076,existing
p1902,m1903,m1905,6,0.131,0,0,2823.190,0,2,1,0,1000,47,0.063,existing
p1898,m254,m1900,7,0.200,0,0,9158.987,0,2,1,0,1000,43,0.055,existing
p1894,m980,m1896,2,0.102,0,0,1339.502,0,2,1,0,1000,56,0.068,existing
p1890,m1891,m322,2,0.102,0,0,1252.989,0,2,1,0,1000,64,0.068,existing
p1630,m1330,m495,3,0.102,0,0,844.166,0,2,1,0,1000,141,0.068,existing
p1626,m649,m1628,3,0.102,0,0,1830.108,0,2,1,0,1000,30,0.068,existing
p1621,m1622,m1624,7,0.164,0,0,3644.873,0,2,1,0,1000,93,0.059,existing
p1616,m1617,m1619,2,0.164,0,0,5127.137,0,2,1,0,1000,47,0.059,existing
p1356,m1357,m1359,4,0.102,0,0,1023.062,0,2,1,0,1000,96,0.068,existing
p1351,m1352,m1354,4,0.074,0,0,353.003,0,2,1,0,1000,140,0.076,existing
p1347,m100,m1349,4,0.131,0,0,1052.763,0,2,1,0,1000,338,0.063,existing
p1085,m1086,m130,2,0.164,0,0,3414.058,0,2,1,0,1000,106,0.059,existing
p1082,m808,m1056,2,0.131,0,0,1635.780,0,2,1,0,1000,140,0.063,existing
p1077,m1078,m1080,2,0.074,0,0,313.947,0,2,1,0,1000,177,0.076,existing
p1072,m1073,m1075,2,0.164,0,0,9394.200,0,2,1,0,1000,14,0.059,existing
p811,m812,m814,7,0.164,0,0,4970.943,0,2,1,0,1000,50,0.059,existing
p807,m808,m803,2,0.131,0,0,687.743,0,2,1,0,1000,792,0.063,existing
p802,m803,m805,2,0.051,0,0,208.758,0,2,1,0,1000,59,0.086,existing
p543,m544,m546,2,0.164,0,0,2209.854,0,2,1,0,1000,253,0.059,existing
p538,m539,m541,4,0.102,0,0,440.426,0,2,1,0,1000,518,0.068,existing
p534,m247,m536,3,0.074,0,0,424.089,0,2,1,0,1000,97,0.076,existing
p529,m530,m532,5,0.074,0,0,579.216,0,2,1,0,1000,52,0.076,existing
p271,m272,m274,9,0.102,0,0,1626.094,0,2,1,0,1000,38,0.068,existing
p266,m267,m269,3,0.164,0,0,2770.198,0,2,1,0,1000,161,0.059,existing
p261,m262,m264,3,0.102,0,0,627.722,0,2,1,0,1000,255,0.068,existing
p256,m257,m259,1,0.324,0,0,7964.241,0,2,1,0,1000,744,0.047,existing
